-0.95476,-1.061,-0.49113,-0.49106,-0.075047,-0.21864,0.19704,-0.050942,-0.98178,0.68516,1.5759,-0.81681,0.81681,1.2937,-0.81417,0.086671,-1.7456,-0.40469,-1.08,0.71936,0.87958,0.86879,-0.27322,1.7861,1.6354,0.44503,1.2213
-0.12702,-0.20691,-0.87011,-0.8701,-0.31148,-0.23192,-0.032747,-0.34209,0.38748,-0.59888,1.5759,-0.81681,0.81681,1.2937,0.8908,1.0345,-1.5291,-0.46575,-1.5309,0.48673,0.87958,-0.049546,-0.69701,0.88683,1.5184,-0.095417,0.94087
-0.9394,-1.0569,-0.8462,-0.8462,-0.31535,-0.32156,-0.10309,-0.33992,0.23188,0.57816,1.5759,-0.81681,0.81681,2.2013,-0.78247,-0.66372,-1.1598,-0.46575,0.23089,0.7962,0.87958,-0.089727,-0.69701,0.4134,1.3183,0.56064,0.16727
1.3211,1.3123,0.15069,0.15068,-0.30374,-0.27176,-0.11012,-0.34364,-0.60834,-0.33137,-0.73428,-0.81681,0.81681,-0.15862,-0.70239,-1.1963,-0.87607,-0.41487,-0.86539,0.7962,0.87958,0.023084,-0.53256,0.33681,1.1648,-0.93297,0.34844
2.024,2.0418,0.029166,0.029163,-0.31477,-0.2286,-0.079642,-0.35825,-0.5461,-1.0804,1.5966,1.2236,-1.2236,-0.34015,-0.88557,-0.14282,-1.428,-0.47593,-1.6493,0.7962,0.87958,-0.083516,-0.7921,0.63152,1.4635,-1.3578,0.38497
0.37232,0.31356,1.4127,1.4126,-0.33006,-0.30496,-0.11481,-0.36265,0.32524,-0.27787,1.3061,1.2236,-1.2236,-0.17677,1.9909,-0.20839,-1.1292,-0.47253,-0.65986,0.7962,0.87958,-0.27656,-0.7921,0.28223,1.3018,-0.10483,-0.23308
1.1809,1.1555,-0.7957,-0.79572,-0.35482,-0.33815,-0.16874,-0.38933,0.48084,0.096639,-0.67203,1.2236,-1.2236,0.74905,-0.27865,-1.409,0.24214,-0.47932,0.36778,0.7962,0.87958,-0.90539,-1.0186,-0.79647,0.55965,0.16741,-1.1879
-0.85874,-0.96049,0.40931,0.40944,0.14494,0.17644,0.47372,0.18293,-0.63946,0.52465,-0.40919,-0.81681,0.81681,-0.70322,-0.51588,-0.015324,-1.8958,-0.37247,-2.1109,0.73644,0.87958,1.1785,-0.27322,2.301,1.7166,0.1217,1.2213
1.4517,1.4409,-0.85865,-0.85867,-0.35869,-0.33484,-0.17812,-0.39489,0.13852,-1.0269,-0.65819,-0.81681,0.81681,-0.34015,-0.96498,-0.93619,1.1224,-0.46575,0.47999,0.7962,-1.1936,-1.1285,-0.89821,-1.2285,-0.41585,-0.56931,-1.2468
0.40113,0.33968,-0.34157,-0.34157,-0.33141,-0.27508,-0.093711,-0.36317,0.44972,-0.27787,1.5966,-0.81681,0.81681,-0.15862,1.9732,-0.11295,-1.5051,-0.49628,-1.5173,0.7962,0.87958,-0.29748,-1.0186,0.50673,1.5052,0.040365,-0.25783
-0.37861,-0.47418,0.57482,0.5748,-0.3467,-0.33484,-0.15702,-0.3805,0.32524,-0.17087,1.6105,-0.81681,0.81681,-0.15862,0.3683,-1.538,-0.26108,-0.4861,0.47999,0.7962,0.87958,-0.61322,-0.89821,-0.43837,0.83198,0.022216,-1.0223
1.9356,1.9574,-0.61316,-0.61316,-0.26679,-0.26512,-0.060884,-0.32148,-1.1996,-1.1874,1.1955,-0.81681,0.81681,0.83982,-0.94329,-0.79559,-1.2642,-0.43013,-0.83949,0.7962,0.87958,0.27811,-0.46051,0.77612,1.3748,-1.5951,1.0714
2.1431,2.1663,-0.84526,-0.84526,-0.33412,-0.29168,-0.12888,-0.38406,-1.9154,-1.9364,1.652,-0.81681,0.81681,0.20445,-1.0988,-0.56027,-0.91998,-0.47593,-0.96815,0.7962,0.87958,-0.34184,-0.7921,0.096686,1.1886,-2.8333,-0.49615
2.1392,2.1583,-0.76277,-0.76275,-0.29891,-0.2618,-0.030402,-0.35451,-1.2307,-1.8829,1.652,-0.81681,0.81681,0.20445,-1.0831,-0.92089,-1.7368,-0.49628,-1.6378,0.7962,0.87958,0.063899,-1.0186,0.97245,1.6306,-2.1228,0.56615
1.9203,1.9433,-0.54148,-0.54145,-0.19984,-0.1124,0.035251,-0.22674,0.20076,-0.22437,1.6381,-0.81681,0.81681,0.20445,-0.67003,-0.30455,-1.5785,-0.42674,-1.7718,0.7962,0.87958,0.56103,-0.39365,1.294,1.5449,-0.34077,1.219
1.9664,1.9955,-0.0317,-0.031682,-0.21281,-0.17548,0.0094588,-0.23795,-0.7017,-0.17087,1.6381,-0.81681,0.81681,0.20445,-0.77246,0.11217,-1.4273,-0.40639,-1.3948,0.7962,0.87958,0.51641,-0.27322,1.1802,1.4631,-0.25607,1.2193
-1.0796,-1.2056,0.052144,0.052131,-0.32251,-0.29832,-0.12185,-0.36004,-0.32827,-0.22437,1.652,-0.81681,0.81681,0.20445,-1.0714,-1.6596,-1.0347,-0.47593,-0.82798,0.7962,0.87958,-0.17288,-0.7921,0.19397,1.2507,-0.78105,-0.36565
1.7935,1.8006,0.056675,0.05667,-0.314,-0.25516,-0.089021,-0.34754,0.014045,-0.17087,1.6658,-0.81681,0.81681,0.20445,-0.37675,-0.71763,-1.3513,-0.47593,-1.4528,0.70144,0.87958,-0.075277,-0.7921,0.52874,1.4218,-0.36161,0.19437
1.3057,1.2822,-0.67157,-0.67159,-0.35289,-0.32156,-0.15233,-0.38701,0.66755,-0.17087,-0.71353,-0.81681,0.81681,-0.70322,-0.61464,-1.3988,-1.0808,-0.50306,-1.1396,0.7962,0.87958,-0.82046,-1.322,-0.32568,1.2756,0.20035,-1.149
-1.022,-1.1212,-0.86365,-0.86358,-0.058795,0.1034,0.20876,-0.10204,-0.14155,-0.75939,-0.72736,1.2236,-1.2236,-0.15862,-0.9146,1.0039,-1.6471,-0.30293,-1.9058,0.72192,0.87958,0.8987,-0.028002,1.815,1.5821,-0.75148,1.2213
-0.79344,-0.90422,-0.75025,-0.75027,-0.35308,-0.32488,-0.16171,-0.38777,0.4186,-0.27787,-0.69969,1.2236,-1.2236,-0.15862,-0.33037,0.67679,0.52953,-0.44031,0.42656,0.7962,0.87958,-0.82832,-0.69701,-0.56603,0.40412,-0.010049,-0.9787
-0.74158,-0.84192,-0.71188,-0.7119,-0.35192,-0.295,-0.1664,-0.38606,0.60531,-0.17087,-0.71353,1.2236,-1.2236,-0.15862,-0.19624,1.0156,1.0564,-0.39112,-0.0075168,0.7962,-1.1936,-0.78244,-0.39365,-0.71327,-0.45159,0.13716,-0.86999
-0.94132,-0.80776,-0.69068,-0.69062,0.6062,2.112,0.7504,0.79101,0.263,0.68516,-0.69969,1.2236,-1.2236,-0.15862,-0.70873,2.4945,1.1497,1.12,-1.7676,-1.852,0.87958,1.5323,1.6499,1.7199,0.068706,0.54922,1.2213
-0.78768,-0.85398,-0.45037,-0.45035,-0.021259,-0.072558,0.037596,-0.0073691,0.32524,0.25714,-0.72736,1.2236,-1.2236,-0.15862,-0.31335,-0.099834,-0.83623,-0.16555,-1.0479,0.53752,0.87958,0.96208,0.35176,1.244,1.1432,0.12304,1.2213
-1.045,-1.1293,-0.41803,-0.41798,0.11398,-0.016119,0.10794,-0.015466,-1.2618,-1.5619,-0.72736,1.2236,-1.2236,-0.15862,-0.97365,-0.7628,-1.2428,-0.20286,-1.3956,0.63058,0.87958,1.1441,0.2631,1.5189,1.3633,-1.6435,1.2213
-0.7339,-0.81178,-0.35237,-0.35234,-0.10562,-0.045999,0.039941,-0.15529,-0.11043,-0.65238,-0.71353,1.2236,-1.2236,-0.15862,-0.17655,0.21781,-1.155,-0.25375,-1.461,0.66814,0.87958,0.80782,0.12918,1.2843,1.3157,-0.90138,1.2213
-0.75887,-0.85398,-0.33916,-0.33918,-0.33973,-0.27176,-0.15702,-0.36896,0.91651,0.57816,-0.71353,1.2236,-1.2236,-0.15862,-0.24062,0.043688,0.93239,-0.35381,-0.18016,0.26263,-1.1936,-0.44679,-0.2184,-0.56603,-0.51867,0.74214,-0.56244
-0.41125,-0.49829,-0.093998,-0.094015,-0.34128,-0.28504,-0.13592,-0.37698,0.16964,-0.70589,-0.69969,1.2236,-1.2236,-0.15862,0.64757,0.95582,0.074275,-0.403,-0.45433,0.28398,0.87958,-0.47975,-0.46051,-0.13398,0.6505,-0.51285,-0.33148
-0.89715,-0.99264,-0.027333,-0.027353,-0.32174,-0.26844,-0.14061,-0.34436,1.0099,0.68516,-0.71353,1.2236,-1.2236,-0.15862,-0.59496,-0.16103,1.3991,-0.3148,0.14252,0.053902,-1.1936,-0.16324,-0.072021,-0.27418,-0.26611,0.95724,0.1219
-0.87602,-0.96852,-0.015772,-0.01579,-0.33373,-0.2618,-0.12888,-0.36448,0.63643,-0.17087,-0.71353,1.2236,-1.2236,-0.15862,-0.5409,1.476,1.5835,-0.30293,0.10634,-0.27093,-0.15701,-0.33525,-0.028002,-0.17844,-0.16629,0.24807,0.38497
-0.82033,-0.93436,0.020348,0.020327,-0.35579,-0.30828,-0.15467,-0.39072,0.60531,-0.27787,-0.69969,1.2236,-1.2236,-0.15862,-0.3991,1.4855,-0.030499,-0.45388,-0.56244,0.54521,0.87958,-0.95318,-0.7921,-0.43837,0.7072,0.028938,-0.96367
-0.23457,-0.19485,0.027668,0.027663,-0.19752,0.20632,0.039941,-0.19991,0.66755,0.15014,-0.69969,1.2236,-1.2236,-0.15862,1.0997,2.3051,0.20008,0.33308,-0.80866,-1.5515,-1.1936,0.56863,1.0831,0.55009,-0.91499,0.41074,1.2213
-1.0412,-1.1634,0.096484,0.096461,-0.35153,-0.31492,-0.16405,-0.38933,-0.26603,-1.1339,-0.71353,1.2236,-1.2236,-0.15862,-0.96398,-0.047379,0.73207,-0.44031,-0.091783,0.7962,0.87958,-0.76799,-0.69701,-0.6369,0.29451,-1.1602,-1.0152
-0.96437,-1.079,0.19784,0.19782,-0.34341,-0.30496,-0.15233,-0.38024,-0.017075,-0.70589,-0.74119,1.2236,-1.2236,-0.15862,-0.76612,0.25424,0.35392,-0.41487,-0.043278,0.7962,0.87958,-0.5283,-0.53256,-0.32568,0.49916,-0.75753,-0.66378
-1.0105,-1.1353,0.4276,0.42758,-0.3494,-0.3282,-0.15936,-0.38687,-0.11043,-1.0804,-0.72736,1.2236,-1.2236,-0.15862,-0.8849,-1.0746,-0.13822,-0.46575,0.020024,0.7962,0.87958,-0.69447,-0.89821,-0.5,0.7655,-0.99145,-1.0506
-1.0796,-1.1916,0.52581,0.52578,-0.35269,-0.30828,-0.1664,-0.38928,-0.017075,-1.0269,-0.71353,1.2236,-1.2236,-0.15862,-1.0624,0.67533,-0.030499,-0.36568,0.95188,-0.27093,-1.1936,-0.81261,-0.27322,-0.98839,-1.0398,-0.7461,-0.96367
-1.0719,-1.1956,0.55328,0.55325,-0.35618,-0.3282,-0.17343,-0.39244,0.16964,-1.1339,-0.72736,1.2236,-1.2236,-0.15862,-1.0427,-0.022609,1.2146,-0.44031,0.65222,0.7962,-1.1936,-0.97358,-0.69701,-0.98839,-0.36594,-0.6204,-1.149
0.68153,0.63709,-0.54963,-0.54965,-0.35424,-0.34147,-0.16874,-0.38219,2.2235,2.6647,-0.49911,-0.81681,0.81681,-0.70322,1.068,-0.36866,0.91284,-0.45557,1.6009,0.7962,0.87958,-0.87852,-0.7921,-0.79647,0.19668,2.9281,-1.1204
0.62583,0.58083,-0.42375,-0.42377,-0.34689,-0.33484,-0.16874,-0.37001,1.9746,2.7717,-0.49911,-0.81681,0.81681,-0.70322,1.2024,-2.4217,1.2482,-0.4437,1.2273,0.7962,0.87958,-0.61867,-0.69701,-0.79647,0.015198,2.875,-1.0845
2.0029,2.0498,-0.5489,-0.5489,-0.2397,-0.2618,-0.11247,-0.30648,-0.95066,-1.9899,1.5759,1.2236,-1.2236,0.022914,-0.91293,-1.5802,0.49854,-0.32498,0.47999,0.67412,0.87958,0.41044,0.092427,0.28223,0.42089,-1.8861,1.1285
-1.0181,-0.80374,-0.61825,-0.61817,2.8761,2.0489,0.82075,3.5415,-1.8842,0.68516,-0.39536,-0.81681,0.81681,-0.70322,-0.91159,0.51869,1.4434,1.5746,-1.5116,-1.6586,0.87958,2.1951,1.8943,1.8962,-0.090418,0.49275,1.2213
-1.0181,-0.79972,-0.55623,-0.55613,3.0824,2.2514,1.0693,3.8049,-1.8842,0.68516,-0.40919,-0.81681,0.81681,-0.70322,-0.91126,0.87786,0.97998,1.6034,-1.5781,-1.7777,0.87958,2.2291,1.9045,2.0406,0.16035,0.5109,1.2213
-1.0181,-0.80977,-0.28209,-0.28203,2.9166,1.853,0.74102,3.4555,-1.822,0.68516,-0.40919,-0.81681,0.81681,-0.70322,-0.91126,-0.037908,1.3928,1.5424,-1.4421,-1.7073,-1.1936,2.202,1.8789,1.7921,-0.26951,0.27765,1.2213
-1.0258,-0.80374,-0.20606,-0.20599,2.672,2.8689,1.1115,3.139,-1.8531,0.63166,-0.43686,-0.81681,0.81681,-0.70322,-0.92994,0.7562,1.5633,1.6339,-1.7471,-2.0927,-1.1936,2.1594,1.9144,1.8753,-0.17727,0.22791,1.2213
-1.022,-1.0971,-0.176,-0.176,-0.23544,0.0071206,-0.0092993,-0.23404,1.1032,0.52465,-0.40919,-0.81681,0.81681,-0.70322,-0.92094,-0.00221,1.3729,-0.16555,-1.3196,-1.5814,0.87958,0.4287,0.37959,0.30996,-0.052284,0.8638,1.2113
-1.022,-0.81781,-0.14602,-0.14596,1.8571,1.7866,0.84419,2.2121,-1.822,0.68516,-0.39536,-0.81681,0.81681,-0.70322,-0.92127,1.2254,1.326,1.5152,-1.4219,-1.9305,-1.1936,1.9875,1.8683,1.7626,-0.30564,0.28235,1.2213
-1.022,-0.84996,0.1201,0.12018,2.156,1.697,0.71289,2.5367,-1.5419,0.68516,-0.39536,-0.81681,0.81681,-0.70322,-0.92127,1.0964,0.89181,1.3219,-1.4803,-1.3547,0.87958,2.057,1.7803,1.9369,0.20806,0.22656,1.2213
-1.022,-0.84594,0.14811,0.14816,2.1167,1.521,0.6402,2.5014,-1.4797,0.57816,-0.40919,-0.81681,0.81681,-0.70322,-0.92094,0.26953,1.35,1.349,-1.3702,-1.6979,-1.1936,2.0484,1.7919,1.6882,-0.29267,0.24807,1.2213
-1.0181,-0.84192,0.43425,0.43425,0.71571,0.42212,0.11732,0.75609,-1.3241,-0.17087,-0.39536,-0.81681,0.81681,-0.70322,-0.91159,-0.25647,-0.77462,1.3456,0.20788,-1.6428,-1.1936,1.591,1.7919,0.77612,-1.4425,-0.26548,1.2213
-1.022,-0.84996,0.44025,0.44031,1.3186,1.5476,0.56048,1.5434,-1.1685,0.57816,-0.39536,-0.81681,0.81681,-0.70322,-0.92127,1.8177,1.3615,1.3219,-1.4002,-1.2719,0.87958,1.8349,1.7803,1.7978,-0.046095,0.17211,1.2213
-1.022,-0.88412,0.5503,0.55035,1.181,1.4812,0.60972,1.334,-1.1062,0.52465,-0.40919,-0.81681,0.81681,-0.70322,-0.92094,1.68,1.0597,1.1183,-1.4857,-1.4563,0.87958,1.788,1.6763,1.7745,0.11722,0.0027227,1.2213
-1.0085,-0.88412,-0.82349,-0.82349,0.43265,0.28268,0.035251,0.44152,-1.4797,0.096639,-0.68586,-0.81681,0.81681,-0.70322,-0.88123,0.046602,-0.59643,1.081,0.24487,-1.1204,-1.1936,1.4242,1.6298,0.7244,-1.346,-0.3401,1.2213
-0.99894,-0.89015,-0.78948,-0.78948,0.3361,0.22292,0.030562,0.33544,-1.2307,-0.27787,-0.67203,-0.81681,0.81681,-0.70322,-0.85687,-0.085992,-0.64771,0.97757,0.33777,-1.2937,-1.1936,1.3532,1.5733,0.63152,-1.3738,-0.37034,1.2213
-1.0181,-0.84393,-0.57947,-0.57946,0.84805,0.26608,0.061044,0.86928,-1.293,-0.27787,-0.69969,-0.81681,0.81681,-0.70322,-0.90525,-0.21349,-0.57835,1.3948,0.85159,-0.927,-1.1936,1.6545,1.7861,0.90158,-1.3363,-0.38782,1.2213
-1.022,-0.85197,-0.56747,-0.56746,0.85115,0.34576,0.096215,0.86137,-1.1685,-0.33137,-0.71353,-0.81681,0.81681,-0.70322,-0.91493,-0.082349,-0.48723,1.3728,0.44012,-1.1315,-1.1936,1.6561,1.7745,0.94472,-1.2869,-0.43555,1.2213
-1.0143,-0.84393,-0.54347,-0.54347,0.83838,0.30924,0.079802,0.85586,-1.4486,-0.33137,-0.69969,-0.81681,0.81681,-0.70322,-0.89558,-0.69286,-0.7012,1.3694,0.59838,-1.3197,-1.1936,1.6502,1.7745,0.80892,-1.4029,-0.40194,1.2213
-1.0143,-0.83991,-0.53748,-0.53747,0.80587,0.31256,0.10794,0.81973,-1.2307,-0.27787,-0.69969,-0.81681,0.81681,-0.70322,-0.89558,-0.12533,-0.60196,1.3948,0.62304,-1.3547,-1.1936,1.6351,1.7861,0.88683,-1.349,-0.41135,1.2213
-1.0181,-0.81379,-0.0075888,-0.007583,0.83432,0.48187,0.10559,0.84949,-1.4174,-0.17087,-0.71353,-0.81681,0.81681,-0.70322,-0.90492,0.16025,-0.73293,1.5848,0.24158,-1.3381,-1.1936,1.6483,1.8683,0.88683,-1.4199,-0.41068,1.2213
-1.022,-0.80374,0.056398,0.056405,0.89952,0.55491,0.18063,0.92315,-1.4174,-0.27787,-0.69969,-0.81681,0.81681,-0.70322,-0.91526,0.29285,-0.72482,1.6696,0.12772,-1.6851,-1.1936,1.6775,1.9045,0.93063,-1.4155,-0.38782,1.2213
-1.022,-0.8158,0.092392,0.092398,0.89604,0.55159,0.11966,0.91365,-1.4486,-0.33137,-0.69969,-0.81681,0.81681,-0.70322,-0.91526,0.10416,-0.69825,1.5949,0.048386,-1.3701,-1.1936,1.676,1.8735,0.91611,-1.4011,-0.41202,1.2213
-0.90867,-0.85599,0.20443,0.20444,0.17435,0.66447,0.20642,0.27883,0.94763,0.52465,-0.69969,-0.81681,0.81681,-0.70322,-0.62532,1.6887,1.191,0.60784,-1.2711,-1.3756,-1.1936,1.2093,1.3235,1.1468,-0.37872,0.7213,1.2213
-1.022,-0.81781,0.31635,0.31636,0.84263,0.50179,0.1267,0.86569,-1.4174,-0.33137,-0.69969,-0.81681,0.81681,-0.70322,-0.91526,0.37517,-0.64697,1.5831,0.17869,-1.3538,-1.1936,1.6521,1.8683,0.94472,-1.3736,-0.37841,1.2213
-1.022,-0.80575,0.34635,0.34635,0.83025,0.66779,0.17594,0.84845,-1.3552,-0.59888,-0.69969,-0.81681,0.81681,-0.70322,-0.91526,0.37299,-0.75839,1.6577,-0.17194,-1.7162,-1.1936,1.6464,1.8993,0.90158,-1.4337,-0.39723,1.2213
-1.022,-0.81178,0.39434,0.39434,0.88578,0.43539,0.10794,0.91182,-1.2618,-0.33137,-0.71353,-0.81681,0.81681,-0.70322,-0.91493,0.36279,-0.65103,1.6238,0.45081,-1.1891,-1.1936,1.6714,1.8839,0.95881,-1.3756,-0.37505,1.2213
-1.0181,-0.81178,0.51632,0.51632,0.80897,0.43207,0.11263,0.83408,-1.1685,-0.17087,-0.69969,-0.81681,0.81681,-0.70322,-0.90525,0.14131,-0.78347,1.5949,0.42902,-1.452,-1.1936,1.6367,1.8735,0.85646,-1.4473,-0.36228,1.2213
-0.93556,-0.81178,3.1618,3.1618,0.42297,0.2528,0.018838,0.448,-0.63946,-0.17087,-0.69969,-0.81681,0.81681,-0.70322,-0.69405,-0.12897,-0.63,1.0573,0.33284,-1.0333,-1.1936,1.4175,1.6159,0.68831,-1.3642,-0.22986,1.2213
-0.6494,-0.54853,-0.87473,-0.87473,0.2798,0.18972,0.023527,0.11489,-1.5419,-1.4549,1.4583,-0.81681,0.81681,-0.70322,-0.17589,-0.25866,-0.52449,0.57222,0.21445,-1.2693,-1.1936,1.3074,1.4815,0.61171,-1.3071,-1.6697,1.2213
-0.65516,-0.57466,-0.86272,-0.86268,0.72964,0.97323,0.31193,0.57317,-1.5108,-0.65238,1.4306,-0.81681,0.81681,-0.70322,-0.18556,0.58936,1.3153,0.47216,-1.4742,-1.2984,0.87958,1.5981,1.3972,1.4045,-0.021139,-1.2045,1.2213
-0.61675,-0.49226,1.1153,1.1154,0.81651,0.69103,0.26738,0.83434,-1.3863,0.20364,1.4306,-0.81681,0.81681,-0.70322,-0.10549,1.0629,1.2836,0.68586,-0.92951,-1.0239,-1.1936,1.6401,1.566,1.4302,-0.3286,-0.39589,1.2213
0.018944,-0.058205,-0.21252,-0.21255,-0.36295,-0.34147,-0.18281,-0.39828,0.79203,0.57816,-0.67203,-0.81681,0.81681,-0.52169,1.7399,0.16973,-0.26108,-0.46575,1.1443,-0.057506,-1.1936,-1.5681,-0.89821,-1.7634,-1.1645,0.79524,-1.3072
-0.32483,-0.42193,-0.16282,-0.16285,-0.36411,-0.35143,-0.1875,-0.39971,0.82315,0.63166,-0.69969,-0.81681,0.81681,-0.52169,0.86878,-0.58941,-0.26108,-0.49119,1.6009,0.7962,-1.1936,-1.7913,-1.1575,-2.0385,-1.1645,0.90481,-1.3396
0.34735,0.28342,-0.15333,-0.15336,-0.36353,-0.34811,-0.1875,-0.39897,1.1966,0.57816,-0.68586,-0.81681,0.81681,-0.52169,1.842,-0.93619,-0.52449,-0.47762,1.6009,0.7962,-1.1936,-1.6685,-1.0186,-2.0385,-1.3071,0.89338,-1.3328
-0.10397,-0.19485,-0.81568,-0.8157,-0.36469,-0.35807,-0.18516,-0.40065,0.69867,0.096639,-0.68586,-0.81681,0.81681,-0.52169,1.43,-1.1963,0.66123,-0.51663,1.6009,-0.27093,-1.1936,-1.9497,-1.5232,-2.0385,-0.66542,0.34016,-1.3528
0.088083,0.012129,-0.67639,-0.67641,-0.36333,-0.34811,-0.18516,-0.39874,0.91651,0.52465,-0.69969,-0.81681,0.81681,-0.52169,1.9251,0.10489,0.002335,-0.47762,1.6009,0.7962,-1.1936,-1.633,-1.0186,-1.7634,-1.022,0.86313,-1.3169
0.0074208,-0.074281,-0.26031,-0.26034,-0.36314,-0.34479,-0.18281,-0.39857,0.63643,0.68516,-0.69969,-0.81681,0.81681,-0.52169,1.7186,0.13913,0.96855,-0.49119,0.5733,0.7962,-1.1936,-1.5995,-1.1575,-1.5501,-0.49911,0.73138,-1.3122
1.2116,1.1937,-0.1986,-0.19862,-0.36217,-0.33815,-0.18516,-0.39701,1.3211,0.52465,-0.69969,-0.81681,0.81681,-0.52169,-0.38943,0.26079,-0.63,-0.44031,1.6009,0.7962,-1.1936,-1.4577,-0.69701,-1.7634,-1.3642,1.1455,-1.2877
-0.51496,-0.61686,-0.032441,-0.032469,-0.36295,-0.34147,-0.17578,-0.39839,1.0099,0.25714,-0.68586,-0.81681,0.81681,-0.52169,0.37998,0.98933,0.20008,-0.46575,1.1443,-0.8045,-1.1936,-1.5681,-0.89821,-1.5501,-0.91499,0.63458,-1.2877
1.056,1.0249,0.07813,0.078102,-0.36314,-0.34147,-0.18047,-0.39835,0.94763,1.0597,-0.68586,-0.81681,0.81681,-0.52169,0.031646,0.72924,0.52953,-0.47762,0.68758,0.084635,-1.1936,-1.5995,-1.0186,-1.5501,-0.7367,1.0803,-1.3001
1.4478,1.4349,-0.048594,-0.04861,-0.34766,-0.30828,-0.13592,-0.38006,0.82315,0.15014,-0.72736,-0.81681,0.81681,-0.70322,-0.99834,0.22947,-1.0727,-0.47762,-0.99528,0.7962,0.87958,-0.64085,-1.0186,-0.011822,1.2712,0.44503,-0.84142
1.54,1.5615,2.4349,2.4349,-0.35327,-0.29168,-0.17343,-0.38577,0.94763,0.68516,1.32,1.2236,-1.2236,-0.17677,-0.075457,-0.23607,-1.2671,-0.34024,1.2585,-1.1007,-1.1936,-0.83644,0.01394,-1.5501,-1.709,0.86784,-1.0845
0.10345,0.034234,0.17126,0.17128,-0.26195,-0.18212,0.011804,-0.28539,0.32524,-0.17087,-0.65819,-0.81681,0.81681,0.38598,1.9508,-0.20256,-1.6866,-0.44201,-1.7886,0.7962,0.87958,0.30422,-0.69701,1.1912,1.6034,0.0060836,1.1601
0.099606,0.028205,0.21414,0.21413,-0.30471,-0.26844,-0.077297,-0.33138,0.51196,0.15014,-0.65819,-0.81681,0.81681,0.38598,1.9411,-0.89685,-1.4416,-0.45388,-1.3163,0.7962,0.87958,0.014465,-0.7921,0.65089,1.4709,0.17682,0.42032
0.095765,0.028205,0.22282,0.22284,-0.27066,-0.14892,0.016493,-0.29197,0.44972,0.68516,-0.65819,-0.81681,0.81681,0.38598,1.9315,0.58426,-1.6497,-0.42844,-1.8346,0.74882,0.87958,0.25631,-0.61105,1.202,1.5835,0.17951,1.1892
0.088083,0.010119,0.28896,0.28894,-0.34631,-0.28836,-0.13357,-0.37941,0.66755,-0.17087,-0.65819,-0.81681,0.81681,0.38598,1.9118,-0.58941,-1.2542,-0.49119,-1.5231,0.7962,0.87958,-0.60257,-1.1575,0.025814,1.3695,0.19026,-0.91772
0.090003,0.014138,0.29425,0.29423,-0.34611,-0.31824,-0.14061,-0.37911,0.66755,-0.27787,-0.64436,-0.81681,0.81681,0.38598,1.9121,-0.69942,-0.93178,-0.47932,-0.71124,0.61052,0.87958,-0.59725,-1.0186,-0.13398,1.195,0.20976,-0.92567
0.084242,0.0081096,0.30291,0.30288,-0.3554,-0.3282,-0.15936,-0.38992,0.69867,-0.17087,-0.64436,-0.81681,0.81681,0.38598,1.8974,0.31252,-0.38393,-0.47932,-0.29608,0.7962,0.87958,-0.93353,-1.0186,-0.5,0.89847,0.20438,-1.1012
1.4613,1.465,-0.89061,-0.89063,-0.32367,-0.30828,-0.14295,-0.35542,0.38748,-0.33137,1.5759,1.2236,-1.2236,-0.15862,0.23818,-0.61127,0.40963,-0.41487,0.73567,0.7962,0.87958,-0.18758,-0.33136,-0.13398,0.46901,-0.081974,-0.11583
0.84285,0.80188,-0.55046,-0.55048,-0.3494,-0.32488,-0.14999,-0.38431,0.32524,-0.27787,1.6105,1.2236,-1.2236,-0.34015,1.5554,-0.55298,-0.74658,-0.49628,-0.45433,0.7962,0.87958,-0.69447,-1.0186,-0.27418,1.0947,-0.21036,-1.0043
0.73722,0.69336,-0.51802,-0.51804,-0.35985,-0.33815,-0.18047,-0.39579,0.20076,-0.59888,1.6105,1.2236,-1.2236,-0.34015,1.7683,-0.89248,0.66123,-0.4861,0.77883,0.7962,-1.1936,-1.218,-0.89821,-1.3758,-0.66542,-0.35152,-1.2677
-0.011784,-0.092367,-0.32482,-0.32484,-0.35888,-0.34147,-0.17812,-0.39405,0.51196,0.20364,1.5966,1.2236,-1.2236,-0.34015,1.124,-1.5307,1.5835,-0.49628,0.68758,0.7962,-0.15701,-1.1424,-1.0186,-1.2285,-0.16629,0.14187,-1.265
1.5093,1.5112,0.97363,0.9736,-0.35076,-0.32156,-0.17109,-0.38516,0.20076,0.15014,1.6105,1.2236,-1.2236,-0.34015,0.16311,-0.27177,0.73207,-0.43522,1.053,0.7962,-1.1936,-0.7401,-0.46051,-0.88759,-0.62709,-0.006688,-1.0152
-0.11357,-0.19485,0.98935,0.98932,-0.35579,-0.33484,-0.17578,-0.39054,0.38748,0.15014,1.6105,1.2236,-1.2236,-0.34015,0.91249,-1.2976,1.1737,-0.47593,0.85364,0.7962,-1.1936,-0.95318,-0.7921,-1.1009,-0.3881,0.11968,-1.2023
0.92159,0.90034,-0.22545,-0.22547,-0.33083,-0.295,-0.1453,-0.36344,-0.079314,-0.17087,1.5966,1.2236,-1.2236,-0.34015,1.3572,0.012361,0.52953,-0.41487,0.17129,0.7962,0.87958,-0.28848,-0.33136,-0.17844,0.40412,-0.095417,-0.18919
-1.0508,-1.1755,0.24755,0.24753,-0.34824,-0.3282,-0.16171,-0.38527,-0.20379,-1.1339,1.5966,1.2236,-1.2236,-0.34015,-1.012,-1.1671,0.26612,-0.47593,0.33612,0.7962,0.87958,-0.65822,-0.7921,-0.56603,0.54668,-0.8429,-1.0297
-1.0393,-1.1655,0.47199,0.47196,-0.35134,-0.33815,-0.16171,-0.3883,-0.17267,-1.0804,1.6105,1.2236,-1.2236,-0.34015,-0.98833,-0.80579,0.002335,-0.4861,0.77883,0.7962,0.87958,-0.76089,-0.89821,-0.56603,0.68943,-0.86575,-1.078
-0.55913,-0.65504,0.73032,0.73029,-0.34515,-0.32156,-0.16874,-0.37953,-0.048194,0.15014,1.5966,1.2236,-1.2236,-0.34015,-0.0010517,-1.8032,1.2762,-0.4454,0.77883,0.7962,-1.1936,-0.57165,-0.53256,-0.79647,-0.3326,-0.16734,-1.0082
0.29166,0.23318,1.2436,1.2436,-0.35134,-0.3282,-0.17578,-0.38563,0.076284,0.096639,1.5828,1.2236,-1.2236,-0.15862,1.7513,-2.19,0.57749,-0.45557,0.96833,0.7962,-1.1936,-0.76089,-0.61105,-1.1009,-0.71074,0.056498,-1.1549
0.3608,0.3015,1.2657,1.2656,-0.35598,-0.33815,-0.17578,-0.39096,0.16964,-0.17087,1.5966,1.2236,-1.2236,-0.15862,1.8901,-1.1963,1.1737,-0.47593,1.1899,0.7962,-1.1936,-0.96332,-0.7921,-1.1009,-0.3881,0.022888,-1.2023
0.67,0.62303,0.11948,0.11946,-0.35637,-0.34147,-0.17343,-0.39137,0.51196,-0.22437,-0.69969,-0.81681,0.81681,-0.70322,1.0062,-0.99375,1.1737,-0.46575,1.1443,0.7962,0.87958,-0.9841,-0.89821,-0.98839,0.055528,0.034316,-1.2023
-0.70317,-0.81178,0.21889,0.21886,-0.35018,-0.32488,-0.16171,-0.38366,0.63643,0.096639,-0.71353,-0.81681,0.81681,-0.70322,-0.097811,-0.58941,0.26612,-0.45388,0.13306,0.7962,0.87958,-0.72008,-0.7921,-0.56603,0.54668,0.26689,-1.0297
1.4517,1.4349,0.23234,0.23231,-0.35579,-0.33484,-0.16171,-0.39087,0.54308,-0.33137,-0.72736,-0.81681,0.81681,-0.70322,-0.99834,-1.4564,-0.78827,-0.50306,-0.64136,0.7962,0.87958,-0.95318,-1.322,-0.56603,1.1173,-0.039625,-1.2082
-1.0642,-1.1956,0.44111,0.44109,-0.34283,-0.31824,-0.12654,-0.37533,0.69867,-0.17087,-0.74119,-0.81681,0.81681,-0.70322,-1.023,-0.84076,-1.3424,-0.49119,-0.96815,0.7962,0.87958,-0.51461,-1.1575,0.13014,1.4172,0.20102,-0.84554
1.8569,1.8971,-0.46218,-0.4622,-0.35656,-0.28836,-0.16874,-0.39382,-0.23491,-1.4549,1.569,1.2236,-1.2236,2.401,-0.61598,1.6873,-1.1834,-0.32498,1.4365,-1.1443,-1.1936,-0.99475,0.092427,-1.3758,-1.6637,-1.1427,-0.96367
-0.40741,-0.49829,-0.56221,-0.56223,-0.35018,-0.3282,-0.1664,-0.38413,0.076284,0.20364,1.1678,1.2236,-1.2236,-0.15862,0.36463,-0.36866,1.2762,-0.45049,0.96833,0.7962,0.87958,-0.72008,-0.61105,-0.71327,2.4762e-05,0.11363,-1.0082
1.2538,1.244,-0.47259,-0.47261,-0.33992,-0.31824,-0.16405,-0.37435,-0.11043,-0.11737,1.154,1.2236,-1.2236,-0.15862,0.48975,-1.6385,1.5835,-0.43013,0.83021,0.7962,-0.15701,-0.45085,-0.46051,-0.6369,-0.16629,-0.2675,-0.86616
0.29742,0.24122,-0.20523,-0.20526,-0.35018,-0.33152,-0.17109,-0.38525,-0.017075,-0.27787,-0.74119,1.2236,-1.2236,0.022914,1.9238,-0.83201,0.96855,-0.41487,1.6009,0.7962,-1.1936,-0.72008,-0.53256,-0.88759,-0.49911,-0.24464,-1.0506
1.4728,1.463,-0.92576,-0.92578,-0.35482,-0.3282,-0.16171,-0.39184,0.045164,-1.5084,-0.64436,-0.81681,0.81681,1.929,-1.009,0.36497,0.002335,-0.46575,0.020024,0.7962,0.87958,-0.90539,-0.89821,-0.56603,0.68943,-0.95784,-1.078
-0.94132,-1.0228,-0.71946,-0.71948,-0.33683,-0.1788,-0.12654,-0.36443,1.041,0.68516,-0.67203,-0.81681,0.81681,0.38598,-0.71007,1.6137,-0.12937,-0.21643,-0.52503,-1.2646,-1.1936,-0.39001,0.23154,-0.5,-1.0933,0.89338,0.29866
1.0541,1.0511,-0.73245,-0.73247,-0.31593,-0.28172,-0.15467,-0.34509,0.1074,0.096639,-0.71353,-0.81681,0.81681,-0.70322,-0.048764,-1.0586,0.88074,-0.30293,0.68758,0.7962,-1.1936,-0.096065,-0.028002,-0.38026,-0.54663,0.10153,0.014375
1.5381,1.5474,-0.48831,-0.48832,-0.34108,-0.29832,-0.15467,-0.36957,1.041,0.63166,1.6243,1.2236,-1.2236,0.022914,0.098711,0.53982,1.5835,-0.40639,0.47999,0.54521,-0.15701,-0.47544,-0.27322,-0.43837,-0.16629,0.96866,-0.47701
1.9721,1.9935,-0.045736,-0.045759,-0.34225,-0.32488,-0.16171,-0.37921,-0.35939,-0.27787,1.5828,1.2236,-1.2236,-0.15862,-0.79849,-1.1526,1.0564,-0.4454,1.0135,0.7962,0.87958,-0.5013,-0.53256,-0.56603,0.11902,-0.77837,-0.86999
1.9529,1.9935,0.95936,0.95934,-0.28749,-0.27176,-0.13123,-0.32876,-0.8573,-0.27787,1.5966,1.2236,-1.2236,-0.15862,-0.79081,-0.73658,0.9003,-0.34533,0.50466,0.7962,0.87958,0.14997,0.01394,0.06191,0.20347,-0.96255,0.85279
1.1309,1.1053,-0.23966,-0.23968,-0.35424,-0.30164,-0.14999,-0.38853,0.69867,-0.22437,-0.96253,-0.81681,0.81681,-0.70322,-0.33838,1.248,-0.55216,-0.46236,-0.94349,0.7962,0.87958,-0.87852,-0.89821,-0.27418,0.98951,0.2232,-0.93333
-0.71854,-0.71331,1.5825,1.5824,-0.29194,-0.13232,-0.10778,-0.31446,0.57419,0.25714,-0.65819,1.2236,-1.2236,0.022914,-0.14286,0.9988,-1.3789,0.25506,1.2585,-1.9724,-1.1936,0.11802,1.0046,-0.6369,-1.7695,0.32806,1.1506
0.98689,0.96465,2.1492,2.1492,-0.34147,-0.32156,-0.16405,-0.37321,0.51196,0.20364,-0.67203,-0.81681,0.81681,-0.70322,0.18679,-1.2932,1.5835,-0.40469,1.053,0.7962,-0.15701,-0.48393,-0.46051,-0.6369,-0.16629,0.31664,-0.86616
1.0368,1.0109,1.3421,1.342,-0.34515,-0.30496,-0.14295,-0.37861,0.48084,-0.17087,-0.72736,1.2236,-1.2236,2.2013,0.041656,0.62506,-0.42894,-0.44031,-0.45433,0.7962,0.87958,-0.57165,-0.69701,-0.13398,0.92262,0.05717,-0.64551
0.81404,0.77977,1.3719,1.3719,-0.33934,-0.28836,-0.12888,-0.37134,0.57419,0.096639,-0.71353,1.2236,-1.2236,2.2013,0.61554,0.95582,-0.6562,-0.42844,-0.70097,0.7962,0.87958,-0.43893,-0.61105,0.096686,1.0458,0.19094,-0.22336
-0.48808,-0.59475,-0.83616,-0.83618,-0.36353,-0.35475,-0.18516,-0.39916,0.79203,0.25714,1.6243,1.2236,-1.2236,1.1666,0.14209,-1.1963,0.8457,-0.51493,1.6009,0.7962,-1.1936,-1.6685,-1.322,-1.7634,-0.56559,0.55325,-1.3351
1.9817,1.9996,0.19433,0.19432,-0.30684,-0.28836,-0.096055,-0.35784,-0.91954,-1.9364,1.3615,1.2236,-1.2236,0.022914,-0.93361,-1.0746,-1.2273,-0.46405,-0.86539,0.7962,0.87958,-0.0049286,-0.69701,0.48428,1.3549,-1.9191,0.29866
-0.040592,-0.1205,-0.27933,-0.27934,-0.32967,-0.29832,-0.12185,-0.36109,0.32524,0.15014,-0.67203,-0.81681,0.81681,1.7475,1.5878,-1.3136,-1.1535,-0.46575,-1.015,0.7962,0.87958,-0.27086,-0.89821,0.19397,1.3149,0.055154,-0.51501
-1.0796,-1.2056,-0.84931,-0.84932,-0.34225,-0.32488,-0.1453,-0.37542,0.38748,0.57816,1.5759,-0.81681,0.81681,2.2013,-1.0711,-0.5508,-0.52449,-0.47593,0.13306,0.7962,0.87958,-0.5013,-0.7921,-0.17844,0.97453,0.037004,-0.78279
-1.0854,-1.2077,-0.72523,-0.72525,-0.33934,-0.33484,-0.15467,-0.37435,-0.26603,-0.27787,1.5759,-0.81681,0.81681,2.2013,-1.0831,-1.1868,0.28161,-0.45557,1.6009,0.7962,0.87958,-0.43893,-0.61105,-0.38026,0.53829,-0.38782,-0.79134
-1.0431,-1.1695,0.88083,0.88081,-0.34244,-0.31824,-0.14295,-0.37419,0.38748,0.57816,1.3753,1.2236,-1.2236,0.38598,-0.99401,-0.8648,-0.76429,-0.48441,-0.45433,0.7962,0.87958,-0.50573,-0.89821,-0.13398,1.1043,0.35159,-0.83729
-0.5649,-0.65504,-0.28112,-0.28114,-0.32445,-0.26512,-0.1195,-0.35347,0.69867,-0.22437,-0.57519,-0.81681,0.81681,-0.70322,0.23651,0.6338,-0.19762,-0.38095,-0.58258,0.39624,0.87958,-0.19759,-0.33136,0.13014,0.79764,0.26689,0.36082
0.66232,1.0531,-0.47363,-0.4736,-0.027257,0.45531,0.11497,-0.0066664,0.51196,0.25714,-0.69969,-0.81681,0.81681,-0.70322,-0.045428,3.7396,-0.35884,2.2564,1.2211,-0.01226,-1.1936,0.95244,2.1146,1.3781,-1.2175,0.23866,1.2213
0.40305,0.36782,-0.34078,-0.3408,-0.33199,-0.17216,-0.10309,-0.35829,1.1032,0.25714,-0.73428,-0.81681,0.81681,-0.15862,1.6158,1.0258,1.5835,-0.3148,-1.1396,-1.2834,-0.15701,-0.30673,-0.072021,-0.2251,-0.16629,0.8759,0.21205
0.1361,0.25327,-0.39906,-0.39908,-0.26272,0.0204,-0.072608,-0.28324,0.66755,-0.17087,1.4583,-0.81681,0.81681,-0.70322,1.4587,1.0775,-1.6715,0.47046,1.0435,-2.4871,-1.1936,0.30017,1.3972,-0.71327,-1.928,0.158,1.2151
0.8947,0.87824,0.30712,0.30709,-0.35134,-0.27508,-0.15233,-0.38415,0.82315,0.25714,-0.61669,1.2236,-1.2236,0.022914,0.42769,1.637,0.35392,-0.34364,0.04181,-0.6265,-1.1936,-0.76089,-0.16691,-0.71327,-0.83173,0.56468,-0.66378
0.67384,0.64915,0.33956,0.33953,-0.35637,-0.30828,-0.17812,-0.39275,0.13852,-1.0804,-0.68586,1.2236,-1.2236,0.022914,0.94919,-0.7169,-1.3291,-0.32837,1.6009,-1.0333,-1.1936,-0.9841,-0.11832,-1.7634,-1.7425,-0.67754,-1.1908
0.17451,0.10457,-0.48983,-0.48986,-0.35366,-0.33815,-0.17109,-0.3887,0.13852,-0.38488,1.5759,1.2236,-1.2236,0.022914,1.5117,-1.7427,0.8457,-0.4861,0.77883,0.7962,0.87958,-0.85291,-0.89821,-0.88759,0.23302,-0.12567,-1.179
1.8799,1.8951,-0.45759,-0.45761,-0.35327,-0.3282,-0.17343,-0.39059,-0.14155,-1.4549,1.5759,1.2236,-1.2236,0.022914,-0.6083,-0.73658,0.91284,-0.45557,0.96833,0.7962,-1.1936,-0.83644,-0.61105,-0.98839,-0.52926,-1.0385,-1.1204
0.90623,0.87422,-0.32033,-0.32035,-0.35405,-0.33152,-0.17578,-0.38848,0.38748,0.096639,1.5759,1.2236,-1.2236,0.022914,1.401,-1.5606,0.8457,-0.46575,0.91571,0.7962,-1.1936,-0.86977,-0.69701,-1.1009,-0.56559,0.14724,-1.179
-0.4343,-0.52844,-0.73377,-0.73379,-0.34863,-0.31824,-0.1664,-0.38378,-0.42163,0.096639,1.5828,1.2236,-1.2236,1.2937,0.2572,-1.318,0.96855,-0.46575,0.059485,0.7962,0.87958,-0.67001,-0.69701,-0.71327,0.16654,-0.30044,-1.0506
-0.26337,-0.34557,0.58508,0.58505,-0.34341,-0.31824,-0.16405,-0.37714,-0.11043,0.096639,1.3753,1.2236,-1.2236,0.38598,0.6399,-1.2895,1.2998,-0.4437,0.5733,0.7962,0.87958,-0.5283,-0.53256,-0.6369,-0.012753,-0.054414,-0.91772
0.52212,0.4703,-0.9264,-0.92642,-0.34747,-0.32488,-0.1664,-0.38512,-0.079314,-1.5084,-0.71353,-0.81681,0.81681,-0.70322,1.3736,-2.343,0.66123,-0.45388,0.13306,0.7962,0.87958,-0.63528,-0.7921,-0.71327,0.33285,-1.0083,-1.0912
1.9164,1.9433,-0.86472,-0.86473,-0.32425,-0.25184,-0.1195,-0.35614,0.263,-0.33137,1.6105,-0.81681,0.81681,4.0167,-0.68471,0.59155,0.080547,-0.40469,-0.68288,0.12945,0.87958,-0.19506,-0.27322,0.06191,0.6471,-0.09004,0.34844
1.9049,1.9312,-0.83258,-0.8326,-0.33276,-0.27176,-0.13123,-0.36277,0.66755,-0.17087,1.6105,-0.81681,0.81681,4.0167,-0.66102,0.30669,0.8457,-0.40469,-0.31745,-0.31063,0.87958,-0.31915,-0.27322,-0.2251,0.23302,0.33882,-0.16444
1.9337,1.9574,-0.82962,-0.82963,-0.33393,-0.25184,-0.12654,-0.36628,0.44972,-0.33137,1.6105,-0.81681,0.81681,4.0167,-0.7124,0.90555,-0.11904,-0.42504,-0.91101,0.35441,0.87958,-0.33855,-0.39365,0.025814,0.75511,-0.0026549,0.04737
-0.62443,-0.71532,-0.77959,-0.77958,-0.26021,-0.19208,-0.058539,-0.28392,0.29412,-0.33137,1.6105,-0.81681,0.81681,4.0167,-0.13652,-0.11805,-1.0701,-0.40469,-1.2916,0.72278,0.87958,0.31335,-0.27322,0.77612,1.2698,-0.017443,1.1715
1.9548,1.9754,0.78931,0.78928,-0.3496,-0.2618,-0.14999,-0.38307,0.72979,-0.17087,1.5966,-0.81681,0.81681,-0.15862,-0.75544,0.96674,0.66123,-0.4454,-1.015,0.1222,0.87958,-0.70081,-0.53256,-0.43837,0.33285,0.23933,-0.76983
-1.0969,-1.2157,-0.79733,-0.79722,0.0077628,-0.099118,0.38228,-0.053819,-2.2888,-0.17087,-0.73428,-0.81681,0.81681,-0.15862,-1.1068,-0.21057,-1.9076,-0.403,-1.8581,0.72662,0.87958,1.0066,-0.46051,2.1581,1.723,-0.98607,1.2213
-1.0969,-1.1755,-0.60897,-0.60886,0.2769,0.01708,0.40807,0.2343,-2.6311,0.20364,-0.73428,-0.81681,0.81681,-0.15862,-1.1068,1.076,-1.5763,-0.15198,-1.35,0.34758,0.87958,1.3048,0.37959,2.1095,1.5437,-0.68493,1.2213
-1.093,-1.2117,0.55166,0.55164,-0.32773,-0.295,-0.13826,-0.36744,-0.23491,-1.0804,1.569,1.2236,-1.2236,-0.34015,-1.0988,-0.40218,-0.10724,-0.43522,-0.18633,0.7962,0.87958,-0.24259,-0.46051,-0.050779,0.74873,-1.093,-0.20392
2.0547,2.1061,-0.024828,-0.024833,-0.24028,-0.20868,-0.081987,-0.29337,-0.35939,-1.1874,1.5828,1.2236,-1.2236,-0.15862,-1.0197,0.13694,-0.10059,-0.3148,-0.41241,0.6182,0.87958,0.40791,0.12918,0.57121,0.74513,-1.3276,1.211
1.8665,1.8971,-0.19032,-0.19035,-0.35656,-0.30164,-0.17343,-0.39132,0.54308,-0.17087,1.3338,1.2236,-1.2236,-0.17677,-0.7431,0.35696,-1.1347,-0.37077,1.2096,-1.1007,-1.1936,-0.99475,-0.11832,-1.5501,-1.6373,0.17749,-1.1334
0.85245,0.83604,1.3139,1.3138,-0.35579,-0.29832,-0.16874,-0.38798,1.4767,0.68516,-0.58903,-0.81681,0.81681,-0.70322,0.54447,0.050245,-1.1347,-0.33176,1.0403,-1.5323,-1.1936,-0.95318,-0.11832,-1.5501,-1.6373,1.3727,-1.1334
-1.0969,-1.1996,-0.43333,-0.43327,0.010665,-0.1456,0.18532,-0.12114,-0.88842,-1.6689,1.5759,1.2236,-1.2236,0.022914,-1.1068,-0.33224,-1.5785,-0.35381,-1.2403,0.40093,0.87958,1.0108,-0.028002,1.6816,1.5449,-1.9527,1.2213
-1.0969,-1.2137,-0.34956,-0.34953,-0.22055,-0.18876,0.054009,-0.28268,-0.67058,-1.2944,1.5759,1.2236,-1.2236,0.022914,-1.1068,0.45823,-1.6043,-0.42504,-1.4631,0.6754,0.87958,0.48802,-0.39365,1.3415,1.5589,-1.5561,1.2199
-0.2096,-0.29332,4.9132,4.9132,-0.33741,-0.31492,-0.13826,-0.36804,0.63643,0.096639,-0.68586,-0.81681,0.81681,-0.70322,1.1601,-0.28561,-0.56839,-0.44031,-0.091783,0.7962,0.87958,-0.40091,-0.69701,-0.050779,0.99829,0.38117,-0.55301
-0.25569,-0.32748,-0.57643,-0.57643,-0.28614,-0.27508,-0.10778,-0.31335,-0.079314,-0.17087,-0.68586,-0.81681,0.81681,-0.70322,1.0423,-0.8138,-0.31383,-0.35381,-0.1,0.56527,0.87958,0.15935,-0.2184,0.30996,0.86053,-0.045675,0.85485
-0.52841,-0.61887,0.045438,0.045424,-0.32309,-0.25848,-0.12419,-0.35147,0.72979,-0.17087,1.5966,-0.81681,0.81681,-0.15862,0.062009,0.24841,-0.32453,-0.42504,-0.81688,0.65406,0.87958,-0.1801,-0.39365,0.13014,0.86632,0.31596,0.23827
0.84861,0.83202,1.0718,1.0718,-0.33393,-0.30828,-0.16874,-0.37196,-0.73282,-0.33137,-0.68586,1.2236,-1.2236,2.2013,0.50243,-1.5882,0.030004,-0.32837,1.6009,0.7962,-1.1936,-0.33855,-0.11832,-0.79647,-1.007,-0.91415,-0.6953
-0.90867,-0.90422,-0.7073,-0.70721,1.1882,0.25612,0.30724,1.124,-0.14155,0.20364,-0.68586,-0.81681,0.81681,2.2013,-0.62599,0.10707,-0.82074,0.30764,-0.98706,0.53667,0.87958,1.7905,1.0577,1.9807,1.1349,-0.72728,1.2213
-0.10013,-0.18079,-0.922,-0.92201,-0.33547,-0.29832,-0.12654,-0.37896,-0.45275,-2.3644,-0.45069,-0.81681,0.81681,2.5644,1.3776,-0.52894,-0.87607,-0.45557,-0.82798,0.50167,0.87958,-0.36542,-0.7921,0.06191,1.1648,-1.8438,-0.53887
-1.0873,-1.1996,-0.30546,-0.30548,-0.32445,-0.3116,-0.14061,-0.35954,-0.98178,-0.27787,-0.59594,-0.81681,0.81681,-0.70322,-1.0824,-0.67246,0.8457,-0.36908,1.1443,0.23958,0.87958,-0.19759,-0.27322,-0.2251,0.23302,-0.48529,-0.16444
-1.0777,-1.1976,-0.21485,-0.21487,-0.33915,-0.33152,-0.14999,-0.37218,0.63643,-0.33137,-0.59594,-0.81681,0.81681,-0.70322,-1.0581,-0.48814,0.35392,-0.41826,1.6009,0.57167,0.87958,-0.43501,-0.53256,-0.32568,0.49916,-0.012066,-0.66378
-0.47271,-0.51638,-0.89718,-0.8971,0.031948,0.07352,0.27442,0.32756,2.6281,3.6812,-0.49911,-0.81681,0.81681,-0.70322,0.45672,1.9532,-1.3679,-0.12485,-1.4051,0.36935,0.87958,1.0411,0.45807,1.8753,1.4309,3.7025,1.2213
-0.94708,-1.0529,-0.071738,-0.071739,-0.27685,-0.14228,-0.067918,-0.28459,1.041,0.57816,-0.68586,-0.81681,0.81681,0.93059,-0.72408,0.050973,-0.92514,-0.36568,-1.5564,0.4799,0.87958,0.21955,-0.27322,0.65089,1.1914,1.0251,1.1182
-0.91443,-0.90221,-0.73933,-0.73934,-0.2575,-0.0094792,-0.056195,-0.27196,0.69867,0.25714,-0.69969,-0.81681,0.81681,1.7475,-0.64,2.136,-0.8093,0.35852,0.28104,-1.5912,-1.1936,0.32717,1.1078,0.025814,-1.4612,0.40873,1.2213
0.56245,0.55269,-0.53171,-0.53173,-0.32038,-0.18544,-0.12185,-0.34346,1.041,0.52465,-0.65819,-0.81681,0.81681,-0.52169,1.1974,0.28192,-0.19762,-0.20456,-0.38075,-1.4068,-1.1936,-0.14677,0.2631,-0.5,-1.1302,0.85977,0.36082
-1.0508,-1.1534,0.17085,0.17083,-0.31999,-0.28836,-0.14295,-0.34475,0.69867,0.52465,-0.71353,1.2236,-1.2236,0.74905,-0.98867,0.29358,1.2482,-0.3148,0.77883,0.7962,0.87958,-0.1422,-0.072021,-0.13398,0.015198,0.65946,0.38085
-0.8549,-0.96651,-0.91263,-0.91265,-0.34341,-0.30828,-0.14999,-0.35939,2.9393,3.5742,-0.73428,-0.81681,0.81681,2.2013,-0.48518,-0.11076,0.1488,-0.42844,-0.13001,0.57167,0.87958,-0.5283,-0.61105,-0.32568,0.61017,3.9566,-0.74391
-0.86066,-0.97656,-0.82362,-0.82363,-0.33838,-0.3116,-0.10309,-0.36259,1.4767,1.1132,-0.73428,-0.81681,0.81681,0.38598,-0.5002,1.0075,-1.1834,-0.45388,-0.45433,0.46795,0.87958,-0.41954,-0.7921,0.33681,1.3311,1.6059,-0.145
1.033,1.037,-0.80665,-0.80667,-0.34399,-0.2618,-0.1195,-0.3668,2.0368,2.2367,-0.73428,-0.81681,0.81681,0.38598,-0.026743,0.88733,-0.63,-0.25205,0.60454,-2.1384,-1.1936,-0.54237,0.12918,-0.88759,-1.3642,2.4919,-0.50558
0.73338,0.71748,0.34503,0.34499,-0.35637,-0.29832,-0.17578,-0.3908,-0.14155,1.5412,1.6105,1.2236,-1.2236,-0.15862,1.7209,-1.4724,-1.6025,-0.34533,1.6009,-1.8716,-1.1936,-0.9841,0.01394,-2.0385,-1.8905,0.32605,-1.2194
-0.59178,-0.64499,0.50961,0.50958,-0.34979,-0.25848,-0.17812,-0.38123,-1.0129,3.2532,1.5966,1.2236,-1.2236,-0.15862,-0.06845,-1.8746,-1.7803,-0.22491,1.6009,-1.6428,-1.1936,-0.70715,0.40658,-2.0385,-1.9867,0.88397,-1.111
-0.86066,-0.96049,-0.097323,-0.097348,-0.35308,-0.30828,-0.1664,-0.38574,0.88539,0.63166,1.3338,1.2236,-1.2236,0.38598,-0.60997,0.57188,-0.36954,-0.39112,1.1681,-0.6265,-1.1936,-0.82832,-0.2184,-1.1009,-1.2232,0.78314,-0.99343
-0.57258,-0.64298,-0.66349,-0.66351,-0.34824,-0.27176,-0.15233,-0.37954,1.0099,0.68516,-0.64436,-0.81681,0.81681,-0.70322,0.22683,1.5285,-0.63,-0.25544,0.91571,-1.1007,-1.1936,-0.65822,0.12918,-0.88759,-1.3642,0.79591,-0.50558
1.4056,1.459,-0.91142,-0.91143,-0.27898,-0.22528,-0.13357,-0.3194,-0.60834,-0.70589,-0.64436,-0.81681,0.81681,1.7475,-0.99934,1.0549,0.144,-0.057005,1.3206,0.63186,-1.1936,0.20624,0.57539,-0.011822,-0.94533,-0.87987,1.1978
-0.84721,-0.93436,-0.81878,-0.81879,-0.31999,-0.21532,-0.15233,-0.34391,1.041,0.52465,-0.68586,-0.81681,0.81681,-0.70322,-0.46883,-0.20402,0.62102,-0.27919,-0.4979,0.55887,-1.1936,-0.1422,0.054014,-0.38026,-0.68718,0.75356,0.17198
-0.61867,-0.68518,-0.7466,-0.74662,-0.31361,-0.19208,-0.14295,-0.33434,1.0721,0.57816,-0.68586,-0.81681,0.81681,-0.70322,0.11506,-0.17196,0.002335,-0.21643,-0.37829,-0.36783,-1.1936,-0.071221,0.23154,-0.43837,-1.022,0.9001,0.41237
-1.0969,-1.1675,-0.47135,-0.47116,1.0444,1.1757,1.0623,0.78604,-1.293,-1.1874,-0.74119,1.2236,-1.2236,-0.15862,-1.1068,0.59592,-1.7567,-0.1011,-2.1832,-0.35844,0.87958,1.7371,0.48278,2.6168,1.6414,-1.4533,1.2213
-0.87794,-0.98661,-0.29458,-0.29461,-0.35482,-0.32488,-0.17578,-0.38967,0.54308,-0.33137,-0.72736,1.2236,-1.2236,-0.15862,-0.54491,-0.5355,-0.11904,-0.403,1.3074,0.26263,-1.1936,-0.90539,-0.46051,-1.2285,-1.0877,0.011461,-1.1457
-1.0489,-1.1494,0.44122,0.44122,-0.25692,-0.15888,-0.030402,-0.28106,0.13852,0.096639,-0.71353,1.2236,-1.2236,-0.15862,-0.98366,1.0491,-0.83549,-0.30293,-1.1609,0.24727,0.87958,0.33008,-0.028002,0.84083,1.1428,-0.05643,1.2169
0.54133,0.48839,-0.91216,-0.91218,-0.35366,-0.34147,-0.16874,-0.3776,2.9082,4.1093,-0.49911,-0.81681,0.81681,-0.70322,1.424,-1.1963,0.57749,-0.46745,1.1443,0.7962,0.87958,-0.85291,-0.89821,-0.79647,0.37817,4.4029,-1.1549
0.87742,0.87221,-0.72399,-0.724,-0.26892,-0.29168,-0.13123,-0.26672,-1.1374,3.1462,-0.49911,-0.81681,0.81681,-0.70322,0.5051,-1.3988,1.1737,-0.2724,1.6009,0.7962,0.87958,0.2662,0.092427,0.06191,0.055528,1.4204,0.95413
-1.022,-0.89015,0.53829,0.5383,0.86817,0.55823,0.1947,0.9222,-1.3552,0.25714,-0.40919,-0.81681,0.81681,-0.70322,-0.92094,0.38319,0.28161,1.081,-0.51311,-1.2096,-1.1936,1.6637,1.6566,1.1912,-0.87086,-0.25338,1.2213
-0.99125,-0.89216,-0.74545,-0.74545,0.29857,0.1698,-0.002265,0.28876,-1.2307,-0.22437,-0.68586,-0.81681,0.81681,-0.70322,-0.83686,-0.20911,-0.64845,0.91821,0.4915,-1.0256,-1.1936,1.3231,1.5363,0.59168,-1.3742,-0.42681,1.2213
1.5784,1.5755,-0.87785,-0.87786,-0.34205,-0.32156,-0.15233,-0.37813,-0.017075,-0.33137,1.5828,1.2236,-1.2236,-0.34015,0.023972,-1.3988,-0.26108,-0.47593,-0.043278,0.7962,0.87958,-0.49686,-0.7921,-0.32568,0.83198,-0.58881,-0.89415
-0.87218,-0.99264,-0.4793,-0.47932,-0.3556,-0.33815,-0.1664,-0.39011,0.60531,0.096639,1.5966,1.2236,-1.2236,-0.34015,-0.64467,-0.58941,0.046237,-0.49628,0.36778,0.7962,0.87958,-0.94329,-1.0186,-0.71327,0.66567,0.21782,-1.1672
0.29358,0.23117,0.94073,0.9407,-0.3556,-0.32488,-0.17578,-0.39129,0.076284,-0.33137,-0.54753,-0.81681,0.81681,-0.70322,2.0219,-1.3988,1.1737,-0.45557,0.13306,0.7962,-1.1936,-0.94329,-0.7921,-1.1009,-0.3881,-0.34682,-1.2023
-0.4996,-0.59274,-0.58167,-0.58168,-0.29349,-0.2618,-0.089021,-0.33063,-0.79506,0.096639,-0.65819,-0.81681,0.81681,0.38598,0.41468,-0.8189,-1.1218,-0.41656,-1.015,0.7962,0.87958,0.10636,-0.53256,0.55009,1.2978,-0.69434,0.72022
-0.023308,-0.052176,-0.77544,-0.77545,-0.27743,-0.19872,-0.0984,-0.29668,0.57419,0.20364,1.6243,1.2236,-1.2236,0.022914,1.0953,-0.14792,0.4657,-0.23509,0.098946,-1.0777,-1.1936,0.216,0.37959,-0.091497,-0.77124,0.36235,1.0876
1.7013,1.7042,0.15669,0.15667,-0.32928,-0.29168,-0.1195,-0.36563,-0.079314,-0.27787,1.5828,1.2236,-1.2236,-0.15862,-0.22927,-0.58941,-1.0679,-0.47593,-0.96815,0.7962,0.87958,-0.26503,-0.7921,0.22412,1.2688,-0.64191,-0.32146
-1.093,-1.2257,-0.67735,-0.67735,-0.33992,-0.3116,-0.10309,-0.36756,1.1343,0.68516,1.5759,-0.81681,0.81681,2.2013,-1.0988,0.0021612,-1.5379,-0.50476,-1.1396,0.7962,0.87958,-0.45085,-1.1575,0.4134,1.523,1.0655,-0.581
-1.0969,-1.2257,-0.66843,-0.66844,-0.32986,-0.3116,-0.11247,-0.36099,0.44972,-0.17087,1.5759,-0.81681,0.81681,2.2013,-1.1068,-0.64988,-1.2623,-0.4861,-0.68288,0.7962,0.87958,-0.27365,-0.89821,0.30996,1.3738,0.10153,-0.36064
0.98113,0.95862,-0.46501,-0.46502,-0.32928,-0.25848,-0.1195,-0.35484,1.1032,0.52465,-0.58903,-0.81681,0.81681,-0.70322,0.24819,0.79699,-0.5588,-0.40469,-0.93814,0.66302,0.87958,-0.26503,-0.46051,0.19397,0.9929,0.86985,0.2253
-0.10397,0.016148,-0.37679,-0.37681,-0.18166,0.08016,-0.0069545,-0.19863,0.44972,-0.59888,1.4306,-0.81681,0.81681,-0.70322,0.96387,0.51287,-1.5302,0.54339,0.785,-2.5653,-1.1936,0.61807,1.457,-0.38026,-1.8514,-0.09004,1.2213
0.88318,0.88427,-0.89184,-0.89184,-0.23777,-0.23524,-0.096055,-0.27975,-1.5419,-0.75939,1.1609,-0.81681,0.81681,-0.70322,1.2271,-0.0043956,0.26612,-0.28427,0.19719,0.7962,0.87958,0.41881,0.19874,0.48428,0.54668,-0.86441,1.2098
1.0042,0.98474,-0.88785,-0.88787,-0.32831,-0.32488,-0.15467,-0.35959,0.13852,0.096639,-0.73428,-0.81681,0.81681,1.929,0.10171,-1.7624,0.93239,-0.38943,1.6009,0.7962,0.87958,-0.25083,-0.39365,-0.38026,0.1861,0.051793,-0.56244
0.95424,0.92245,-0.82378,-0.8238,-0.35482,-0.33152,-0.16874,-0.38958,0.44972,-0.17087,1.5759,1.2236,-1.2236,-0.15862,1.3062,-1.1285,1.5835,-0.47593,0.5733,0.020181,-0.15701,-0.90539,-0.7921,-0.98839,-0.16629,0.055826,-1.1761
0.95808,0.92647,-0.44358,-0.4436,-0.35211,-0.3282,-0.16874,-0.38741,-0.20379,0.096639,1.3338,1.2236,-1.2236,0.38598,1.2078,-1.1781,0.91284,-0.47253,0.33612,0.7962,0.87958,-0.78992,-0.7921,-0.79647,0.19668,-0.27422,-1.1204
-0.7992,-0.86604,-0.55079,-0.55081,-0.34147,-0.20536,-0.13592,-0.36966,1.1966,0.57816,-0.72736,-0.81681,0.81681,-0.52169,-0.34305,1.5977,-0.83734,-0.16555,0.12114,-1.5942,-1.1936,-0.48393,0.35176,-0.79647,-1.4766,1.0554,-0.0094869
-0.63788,-0.70126,-0.77464,-0.77465,-0.30858,-0.20204,-0.14295,-0.3289,0.97875,0.52465,-0.68586,-0.81681,0.81681,-0.70322,0.066013,0.23384,0.10785,-0.19099,-0.091783,0.020181,-1.1936,-0.021153,0.29363,-0.32568,-0.9649,0.8033,0.72022
