0.58179,0.88818,-0.34653,-0.95688,-0.097557,-0.099098,-0.34406,-0.52774
-0.51072,1.3724,-0.23115,0.06429,-0.097557,-0.099098,0.52104,-0.52774
0.07195,-0.8064,0.69189,-0.66512,-0.097557,6.5075,-0.17104,-0.52774
-0.00088342,0.32332,-0.23115,2.836,-0.097557,-0.099098,0.52104,-0.52774
-0.14655,-0.40293,1.038,-0.4463,-0.097557,-0.099098,1.3861,0.59912
-0.72922,-0.8871,1.1534,-0.811,-0.097557,-0.099098,1.3861,0.2235
-0.51072,-0.8871,0.46113,-0.37335,-0.097557,-0.099098,0.52104,-0.058216
-0.58355,-1.0485,1.038,-0.4463,-0.097557,-0.099098,0.34802,0.12959
-0.72922,-0.64501,0.80727,0.64782,-0.097557,-0.099098,0.52104,-0.24603
1.1645,0.40402,-0.57729,-0.51924,-0.097557,-0.099098,-0.6901,-0.52774
-0.29222,-0.48362,0.23037,-1.1028,-0.097557,-0.099098,0.0019817,-0.52774
0.58179,-0.24154,0.46113,-1.1028,-0.097557,-0.099098,0.175,-0.15212
-0.00088342,-1.2906,0.57651,-0.37335,-0.097557,-0.099098,-0.17104,-0.52774
1.6743,1.0496,-0.92343,0.28311,-0.097557,-0.099098,-0.17104,-0.52774
-0.51072,0.24263,0.23037,-0.95688,-0.097557,-0.099098,0.86708,-0.52774
-0.29222,0.24263,0.23037,-0.811,-0.097557,-0.099098,1.3861,-0.52774
0.07195,0.081238,0.23037,1.8149,-0.097557,-0.099098,0.69406,-0.52774
0.65462,-0.40293,0.34575,-0.51924,-0.097557,-0.099098,1.5592,-0.058216
0.50895,-0.24154,1.1534,-0.59218,-0.097557,-0.099098,0.175,-0.52774
0.94595,1.3724,0.80727,-0.15453,-0.097557,-0.099098,-0.17104,-0.52774
2.1841,3.0669,-1.6157,0.93958,-0.097557,-0.099098,1.0401,0.50521
0.21762,0.32332,-0.80805,-1.1757,-0.097557,-0.099098,1.2131,0.41131
0.07195,0.081238,-0.80805,4.4407,-0.097557,-0.099098,0.34802,-0.52774
-0.87489,0.88818,1.2688,-1.0298,-0.097557,-0.099098,0.52104,1.8199
2.0385,1.9372,-0.92343,-0.0086508,-0.097557,-0.099098,-1.2092,-0.52774
1.7471,1.3724,-0.34653,0.57487,-0.097557,-0.099098,-1.3822,-0.52774
-0.72922,-0.40293,0.80727,-0.59218,-0.097557,-0.099098,1.0401,-0.15212
0.65462,0.24263,-0.80805,1.3043,-0.097557,-0.099098,0.0019817,-0.52774
0.50895,0.24263,0.34575,0.57487,-0.097557,-0.099098,0.52104,-0.52774
2.6211,1.453,-1.2696,-0.15453,-0.097557,-0.099098,0.69406,-0.52774
2.6211,1.9372,0.11499,1.0125,-0.097557,-0.099098,0.86708,-0.52774
2.1113,0.56541,-1.0388,0.13723,-0.097557,-0.099098,1.5592,-0.52774
-0.65639,0.32332,-1.2696,-0.4463,-0.097557,-0.099098,0.175,-0.52774
-0.94772,-1.1292,0.69189,-0.59218,-0.097557,-0.099098,-0.34406,-0.15212
0.21762,-1.5327,0.92265,0.93958,-0.097557,-0.099098,-0.51708,0.88083
1.7471,2.0179,0.92265,1.5231,-0.097557,-0.099098,-1.7282,0.69302
-0.073717,-0.8871,0.23037,0.21017,-0.097557,-0.099098,-0.34406,-0.52774
1.7471,0.56541,0.11499,0.13723,-0.097557,-0.099098,1.3861,-0.52774
-0.58355,-2.0975,-1.8465,-0.73806,-0.097557,-0.099098,0.0019817,-0.52774
-0.14655,-0.8871,0.11499,-0.37335,-0.097557,-0.099098,0.34802,0.035689
-0.36505,-0.32223,0.57651,1.2313,-0.097557,-0.099098,0.86708,0.97474
1.0188,0.72679,0.69189,-0.22747,-0.097557,-0.099098,-0.6901,-0.52774
1.1645,0.96888,-0.11577,-1.1757,-0.097557,-0.099098,-0.17104,-0.52774
0.21762,-0.48362,0.11499,0.50193,-0.097557,-0.099098,0.86708,-0.52774
-0.87489,-0.080151,0.34575,-0.51924,-0.097557,-0.099098,0.0019817,-0.52774
-0.36505,0.6461,-0.23115,2.9819,-0.097557,-0.099098,0.34802,-0.52774
-0.51072,-1.2099,0.23037,1.8878,-0.097557,-0.099098,0.69406,-0.52774
-0.65639,-0.32223,1.038,-0.51924,-0.097557,-0.099098,1.3861,-0.058216
0.29045,-0.16085,-0.69267,-1.3216,-0.097557,-0.099098,0.34802,-0.058216
0.72745,-0.24154,-0.57729,-0.30041,-0.097557,-0.099098,0.175,0.12959
-1.1662,-0.32223,0.80727,-1.2486,-0.097557,-0.099098,0.86708,-0.52774
-0.14655,0.32332,0.57651,-1.0298,-0.097557,-0.099098,0.175,-0.52774
-0.21938,-0.8871,1.038,-0.811,-0.097557,-0.099098,1.2131,-0.52774
-0.14655,-0.64501,0.23037,-0.15453,-0.097557,-0.099098,1.0401,-0.52774
0.72745,0.00054376,-0.69267,2.5443,-0.097557,-0.099098,-0.51708,-0.52774
-0.36505,0.40402,0.46113,2.909,-0.097557,-0.099098,-0.51708,-0.52774
-0.29222,-0.080151,0.92265,-0.22747,-0.097557,-0.099098,-1.0361,-0.52774
-0.073717,-0.64501,0.69189,2.1066,-0.097557,-0.099098,-1.3822,-0.24603
0.94595,0.24263,0.46113,1.0125,-0.097557,-0.099098,0.0019817,-0.52774
-0.00088342,0.32332,0.34575,2.0337,-0.097557,-0.099098,0.175,-0.058216
-0.51072,0.56541,0.11499,1.669,-0.097557,-0.099098,-0.34406,-0.52774
-0.00088342,0.6461,-0.46191,1.4502,-0.097557,-0.099098,-0.6901,-0.52774
0.07195,0.32332,1.1534,2.2525,-0.097557,-0.099098,1.3861,-0.52774
1.2373,0.96888,-1.1542,1.2313,-0.097557,10.868,0.0019817,-0.52774
-1.6032,0.6461,-3.3464,-0.95688,-0.097557,-0.099098,0.175,-0.52774
-0.80205,-0.48362,-1.7311,-0.73806,-0.097557,-0.099098,0.86708,-0.52774
2.1841,1.0496,-0.57729,0.21017,-0.097557,-0.099098,0.175,-0.52774
-0.00088342,0.16193,1.038,0.28311,-0.097557,-0.099098,0.175,0.69302
-1.0206,-0.32223,1.3842,1.4502,-0.097557,-0.099098,0.175,0.50521
-0.29222,-0.96779,-0.34653,-0.30041,-0.097557,-0.099098,0.34802,-0.058216
-0.72922,-0.40293,0.69189,-0.4463,-0.097557,-0.099098,-0.86312,-0.52774
-1.2391,-0.56432,1.6149,-0.73806,-0.097557,-0.099098,0.34802,2.2894
-0.073717,0.88818,-0.11577,-0.081592,-0.097557,-0.099098,0.0019817,0.035689
-0.87489,0.00054376,-1.5003,-0.0086508,-0.097557,-0.099098,-1.2092,-0.52774
1.383,1.6144,0.23037,0.72076,-0.097557,-0.099098,-0.6901,-0.52774
2.0385,2.0179,-1.1542,0.13723,-0.097557,-0.099098,0.52104,-0.52774
1.0188,0.56541,0.80727,0.06429,-0.097557,-0.099098,-2.2473,-0.52774
-1.0206,-0.56432,-1.2696,-1.0298,-0.097557,-0.099098,-0.17104,-0.52774
-0.21938,0.16193,-0.00038827,1.0125,-0.097557,-0.099098,-1.5552,-0.52774
-0.14655,-2.1782,0.80727,0.06429,-0.097557,-0.099098,-0.34406,1.8199
-0.21938,-0.8871,0.57651,-0.15453,-0.097557,-0.099098,-0.51708,-0.52774
-0.43789,0.72679,-1.6157,-0.73806,-0.097557,-0.099098,0.34802,-0.52774
-0.58355,-1.2099,0.46113,-0.59218,-0.097557,-0.099098,1.0401,-0.52774
-0.36505,-0.72571,-0.00038827,1.4502,-0.097557,6.5075,0.0019817,-0.058216
-0.43789,0.16193,-1.0388,-0.22747,-0.097557,-0.099098,0.175,-0.52774
-1.4576,-1.452,0.80727,-0.51924,-0.097557,-0.099098,-0.34406,2.5711
-0.36505,0.081238,-0.00038827,-0.73806,-0.097557,-0.099098,0.34802,6.7968
-0.36505,-0.40293,-0.00038827,2.4713,-0.097557,-0.099098,-0.17104,-0.52774
-0.21938,-0.24154,0.80727,1.5961,-0.097557,-0.099098,-0.34406,-0.52774
-1.0934,0.16193,-0.23115,-0.30041,-0.097557,-0.099098,-4.1505,-0.52774
-0.21938,-0.72571,1.8457,-0.0086508,-0.097557,-0.099098,0.52104,-0.52774
1.0188,0.96888,-2.4234,0.13723,-0.097557,-0.099098,0.175,-0.52774
0.36328,0.24263,0.57651,1.4502,-0.097557,-0.099098,0.34802,-0.52774
1.2373,0.96888,0.46113,1.2313,-0.097557,-0.099098,0.52104,-0.52774
0.65462,0.80749,-0.11577,1.2313,-0.097557,-0.099098,0.52104,0.3174
0.29045,0.40402,-1.8465,0.35605,-0.097557,-0.099098,0.69406,-0.52774
-0.29222,1.6951,-0.23115,1.9608,-0.097557,-0.099098,0.52104,-0.52774
0.21762,0.081238,0.57651,-1.5404,-0.097557,-0.099098,-0.86312,-0.24603
-0.65639,-0.8064,1.038,1.5231,-0.097557,-0.099098,-0.34406,1.4443
-0.00088342,1.1303,0.80727,-0.811,-0.097557,-0.099098,-0.51708,-0.52774
-0.72922,0.96888,0.23037,0.35605,-0.097557,-0.099098,-0.17104,0.3174
0.72745,0.00054376,0.80727,-0.081592,-0.097557,-0.099098,-1.5552,-0.15212
0.87312,0.081238,0.23037,1.1584,-0.097557,-0.099098,0.69406,-0.058216
-1.0934,0.6461,0.46113,-0.73806,-0.097557,-0.099098,0.175,-0.52774
-1.1662,0.32332,-0.00038827,-0.37335,-0.097557,-0.099098,0.69406,0.3174
-1.5304,-1.452,0.92265,-0.811,-0.097557,-0.099098,0.0019817,0.2235
-0.21938,-1.452,1.6149,0.28311,-0.097557,-0.099098,2.2512,-0.52774
-0.80205,-0.24154,0.69189,-0.73806,-0.097557,-0.099098,-0.51708,-0.52774
0.58179,-0.16085,0.11499,1.5231,-0.097557,-0.099098,0.86708,-0.52774
1.0188,0.80749,0.80727,-0.51924,-0.097557,-0.099098,-1.2092,-0.52774
-0.94772,-0.32223,-1.1542,0.06429,-0.097557,-0.099098,-0.86312,-0.52774
-0.51072,0.56541,0.34575,-0.73806,-0.097557,-0.099098,0.69406,-0.52774
-1.6032,-1.0485,1.2688,-1.2486,-0.097557,-0.099098,0.34802,2.5711
-0.80205,0.40402,-0.23115,0.35605,-0.097557,-0.099098,0.69406,0.12959
-1.7489,-1.1292,-0.34653,0.57487,-0.097557,-0.099098,0.52104,4.1675
0.58179,0.00054376,-0.00038827,-1.0298,-0.097557,-0.099098,-0.34406,-0.24603
-0.43789,-0.8871,0.34575,-0.88394,-0.097557,-0.099098,0.69406,1.5382
-0.65639,-0.8871,-0.69267,0.57487,-0.097557,-0.099098,-0.34406,1.1625
-1.0206,1.453,-0.46191,-0.73806,-0.097557,-0.099098,0.52104,0.035689
-0.58355,-1.5327,-0.00038827,-0.811,-0.097557,-0.099098,0.52104,-0.52774
1.2373,1.6951,0.23037,2.836,-0.097557,-0.099098,0.52104,0.78693
-0.073717,-0.24154,0.34575,-0.73806,-0.097557,-0.099098,-0.34406,-0.058216
1.5286,0.72679,-0.23115,1.2313,-0.097557,-0.099098,1.5592,-0.52774
-0.72922,-0.64501,2.4226,-0.37335,-0.097557,-0.099098,0.69406,0.41131
0.29045,-0.080151,-0.11577,-0.4463,-0.097557,-0.099098,0.34802,-0.52774
-0.58355,0.081238,-0.00038827,-1.0298,-0.097557,-0.099098,0.34802,1.726
0.50895,0.081238,0.34575,-0.59218,-0.097557,-0.099098,1.0401,-0.24603
-0.58355,-0.64501,-0.92343,-0.4463,-0.097557,-0.099098,-0.17104,-0.52774
-1.7489,0.00054376,-1.9618,0.13723,-0.097557,-0.099098,0.175,-0.52774
-0.80205,-0.64501,-1.3849,1.0125,-0.097557,-0.099098,-0.17104,1.8199
-1.7489,-0.48362,-2.308,-1.1028,-0.097557,-0.099098,0.175,1.8199
-1.3847,-0.48362,0.34575,-0.22747,-0.097557,-0.099098,0.175,0.41131
-0.14655,0.88818,-0.69267,-0.4463,-0.097557,-0.099098,-0.51708,-0.52774
1.1645,-0.40293,-0.00038827,-0.22747,-0.097557,-0.099098,-0.17104,-0.52774
-2.1131,-0.72571,0.57651,-1.1028,-0.097557,-0.099098,0.0019817,-0.058216
-0.87489,1.453,-0.69267,1.3772,-0.097557,-0.099098,0.52104,-0.52774
-0.43789,-0.96779,-0.23115,0.42899,-0.097557,10.868,0.52104,-0.52774
-1.3847,-1.5327,0.69189,0.50193,-0.097557,-0.099098,0.34802,0.50521
-0.073717,-1.5327,-0.11577,0.64782,-0.097557,-0.099098,0.175,0.12959
-0.80205,-0.8064,0.34575,2.9819,-0.097557,-0.099098,-0.51708,-0.52774
-1.8946,-1.2906,2.1918,-0.59218,-0.097557,-0.099098,0.34802,-0.52774
-0.073717,-0.56432,0.11499,-0.95688,-0.097557,-0.099098,-0.51708,-0.52774
-0.51072,0.56541,0.34575,1.9608,-0.097557,-0.099098,0.52104,-0.24603
-0.14655,1.1303,1.2688,-0.22747,-0.097557,-0.099098,1.7322,-0.52774
-1.3847,0.40402,0.23037,-0.66512,-0.097557,-0.099098,0.34802,-0.52774
-1.3119,0.56541,-0.00038827,-0.811,-0.097557,-0.099098,0.52104,-0.52774
-1.3119,-0.64501,0.23037,-0.15453,-0.097557,-0.099098,1.7322,-0.52774
0.65462,0.00054376,0.23037,0.13723,-0.097557,-0.099098,0.86708,-0.24603
-0.94772,-0.64501,0.11499,-1.1028,-0.097557,-0.099098,1.2131,-0.52774
1.82,1.6144,-1.3849,0.06429,-0.097557,-0.099098,-0.17104,-0.52774
-0.43789,-0.64501,1.1534,-0.37335,-0.097557,-0.099098,1.2131,-0.52774
0.14478,0.081238,0.11499,2.0337,-0.097557,-0.099098,0.86708,-0.058216
1.6015,0.88818,-1.5003,0.28311,-0.097557,-0.099098,1.2131,-0.52774
-0.29222,-0.56432,-1.3849,0.50193,-0.097557,-0.099098,-0.34406,0.035689
-0.58355,-1.5327,1.3842,-1.0298,-0.097557,-0.099098,-1.7282,-0.52774
-0.073717,-0.32223,-0.57729,1.3772,-0.097557,-0.099098,0.34802,-0.52774
-0.58355,0.6461,-1.0388,2.836,-0.097557,-0.099098,-0.6901,-0.15212
0.65462,0.88818,-1.8465,-0.30041,-0.097557,-0.099098,0.175,-0.52774
0.14478,2.1793,-1.3849,0.57487,-0.097557,-0.099098,0.175,-0.52774
-0.00088342,0.16193,1.1534,1.8149,-0.097557,-0.099098,-0.34406,-0.52774
-0.073717,0.80749,-0.80805,2.1796,-0.097557,-0.099098,-2.4203,-0.52774
-0.00088342,-0.72571,-0.69267,1.7419,-0.097557,-0.099098,-1.3822,-0.52774
-0.00088342,-0.8064,0.69189,3.2007,-0.097557,-0.099098,0.0019817,-0.52774
0.36328,-0.40293,-0.57729,2.0337,-0.097557,-0.099098,0.0019817,-0.52774
1.2373,1.453,-0.46191,0.21017,-0.097557,-0.099098,-0.6901,-0.52774
0.21762,0.081238,-0.46191,0.13723,-0.097557,-0.099098,-0.34406,-0.52774
-1.0934,1.2917,-0.11577,-0.37335,-0.097557,-0.099098,0.69406,-0.24603
0.14478,-0.8064,1.1534,-1.0298,-0.097557,-0.099098,0.86708,-0.52774
1.9656,2.3407,0.92265,-0.22747,-0.097557,-0.099098,-0.34406,-0.52774
-0.21938,-0.32223,1.038,1.669,-0.097557,-0.099098,1.0401,-0.52774
1.6743,2.6635,-0.80805,0.28311,-0.097557,-0.099098,0.86708,-0.52774
2.0385,1.9372,0.92265,-0.081592,10.243,-0.099098,0.52104,-0.52774
1.4558,1.211,0.46113,0.13723,-0.097557,-0.099098,1.7322,1.1625
-0.21938,0.32332,-1.5003,-0.88394,-0.097557,-0.099098,0.0019817,-0.52774
0.43612,0.16193,-0.23115,-0.66512,-0.097557,-0.099098,-0.6901,-0.52774
0.50895,-0.72571,1.038,-0.15453,-0.097557,-0.099098,-1.7282,-0.52774
0.43612,-0.72571,0.92265,-0.37335,-0.097557,-0.099098,-1.3822,-0.52774
0.58179,0.48471,-0.57729,-1.0298,-0.097557,-0.099098,0.175,-0.52774
0.21762,-0.96779,1.8457,-0.081592,-0.097557,-0.099098,-1.2092,-0.52774
-1.1662,-1.1292,0.46113,-1.1028,-0.097557,-0.099098,-2.4203,-0.62165
1.383,0.88818,-1.3849,0.06429,-0.097557,-0.099098,0.34802,-0.52774
-0.65639,-0.40293,0.34575,-0.66512,-0.097557,-0.099098,0.175,-0.24603
-1.0206,-1.0485,-1.9618,-0.88394,-0.097557,-0.099098,1.2131,0.3174
2.3298,2.0179,0.46113,-0.22747,-0.097557,-0.099098,-0.6901,-0.52774
-0.65639,0.081238,0.92265,-0.811,-0.097557,-0.099098,-0.86312,-0.058216
-0.87489,0.081238,2.8841,-0.66512,-0.097557,-0.099098,0.86708,-0.52774
-0.87489,0.081238,2.8841,-0.66512,-0.097557,-0.099098,0.86708,-0.52774
0.21762,-0.48362,0.11499,0.50193,-0.097557,-0.099098,0.34802,-0.52774
-0.29222,0.32332,2.4226,-0.811,-0.097557,-0.099098,1.5592,-0.52774
-0.72922,0.48471,-0.23115,-0.88394,-0.097557,-0.099098,-0.51708,-0.52774
0.21762,0.24263,1.1534,-0.95688,-0.097557,-0.099098,-0.17104,-0.52774
-0.58355,0.56541,2.538,-0.30041,-0.097557,-0.099098,1.2131,-0.52774
-0.36505,-1.8554,0.80727,0.72076,-0.097557,-0.099098,0.34802,-0.90336
-2.1859,-1.9361,0.23037,-0.88394,-0.097557,-0.099098,0.52104,1.5382
0.07195,0.24263,0.57651,-0.88394,-0.097557,-0.099098,0.175,-0.52774
-0.43789,1.453,-0.57729,1.8149,-0.097557,-0.099098,0.34802,1.2564
-1.6761,-0.8871,1.8457,-1.1028,-0.097557,-0.099098,-1.0361,-0.52774
0.36328,-0.64501,-1.8465,0.28311,-0.097557,-0.099098,0.34802,-0.52774
-1.1662,-0.64501,-2.308,-0.22747,-0.097557,-0.099098,0.52104,-0.52774
-0.43789,0.24263,0.23037,-0.22747,-0.097557,10.868,0.175,-0.52774
0.65462,0.6461,0.69189,-0.37335,-0.097557,-0.099098,0.69406,0.50521
-1.0206,1.453,-1.3849,-1.3216,-0.097557,-0.099098,0.52104,-0.24603
-1.6761,-1.1292,1.1534,0.50193,-0.097557,-0.099098,-2.2473,0.3174
-1.0934,-0.8064,1.038,-0.30041,-0.097557,-0.099098,-0.51708,0.88083
-0.58355,-1.452,-0.00038827,-0.37335,-0.097557,-0.099098,0.175,-0.52774
-1.9674,-2.4203,0.34575,-0.4463,-0.097557,-0.099098,-1.0361,-0.52774
0.36328,0.32332,0.69189,-0.30041,-0.097557,-0.099098,0.0019817,0.88083
-1.0206,-2.0975,-0.11577,-0.73806,-0.097557,-0.099098,0.175,-0.52774
-0.87489,-0.16085,1.038,-0.30041,-0.097557,-0.099098,-0.6901,-0.52774
2.1841,-0.32223,-0.00038827,-0.811,-0.097557,-0.099098,0.52104,-0.52774
0.72745,0.48471,-0.34653,-0.4463,-0.097557,-0.099098,0.0019817,0.97474
-0.65639,-2.0975,0.46113,-0.0086508,-0.097557,-0.099098,-1.5552,-0.52774
-0.21938,1.211,0.46113,2.6172,-0.097557,-0.099098,0.52104,0.78693
-0.51072,-0.8871,0.46113,-0.88394,-0.097557,-0.099098,-0.51708,-0.52774
-0.00088342,0.081238,0.23037,-1.2486,-0.097557,-0.099098,-0.34406,-0.24603
0.21762,0.88818,0.23037,-0.37335,-0.097557,-0.099098,0.86708,0.2235
0.29045,-0.64501,-1.0388,-0.73806,-0.097557,-0.099098,0.34802,-0.52774
-0.29222,-1.2099,0.34575,-0.73806,-0.097557,-0.099098,0.175,0.12959
0.07195,0.40402,-1.7311,-0.73806,-0.097557,-0.099098,0.175,1.8199
0.80029,-1.6133,1.038,-1.0298,-0.097557,-0.099098,-0.17104,-0.058216
-0.94772,0.24263,-0.46191,-0.22747,-0.097557,-0.099098,-0.51708,-0.52774
2.4026,0.6461,-1.9618,-1.6134,-0.097557,-0.099098,0.52104,-0.52774
-0.80205,-0.40293,0.34575,-0.59218,-0.097557,-0.099098,0.69406,-0.52774
-1.0934,-0.8871,0.80727,-1.1028,-0.097557,-0.099098,-0.34406,-0.52774
-1.0206,-0.080151,-2.308,-0.30041,-0.097557,-0.099098,0.34802,0.3174
2.0385,1.6144,-2.0772,-0.22747,-0.097557,-0.099098,0.52104,-0.52774
-0.36505,0.48471,0.46113,0.42899,-0.097557,-0.099098,1.2131,-0.52774
-0.36505,0.48471,0.34575,0.42899,-0.097557,-0.099098,1.2131,-0.52774
-1.5304,-0.56432,-1.1542,-0.811,-0.097557,-0.099098,0.52104,-0.52774
0.14478,2.0179,-1.5003,-0.88394,-0.097557,-0.099098,-0.6901,-0.52774
1.5286,0.48471,-1.2696,0.06429,-0.097557,-0.099098,0.34802,-0.52774
0.29045,1.211,-0.11577,0.57487,-0.097557,-0.099098,0.34802,-0.52774
0.65462,0.6461,-0.46191,-0.51924,-0.097557,-0.099098,1.0401,-0.058216
0.36328,0.48471,-0.57729,-0.88394,-0.097557,-0.099098,0.69406,-0.52774
0.94595,0.88818,-1.0388,-0.30041,-0.097557,-0.099098,0.175,-0.52774
0.58179,0.24263,-1.3849,-0.59218,-0.097557,-0.099098,0.34802,-0.52774
-1.0206,-0.32223,-0.80805,-0.51924,-0.097557,-0.099098,-0.34406,-0.52774
-1.3119,-0.24154,0.57651,-1.0298,-0.097557,-0.099098,0.34802,-0.52774
-1.1662,-0.96779,-0.57729,-0.51924,-0.097557,-0.099098,0.175,-0.52774
0.87312,0.6461,-0.46191,-0.95688,-0.097557,-0.099098,0.52104,-0.52774
0.21762,1.453,-0.92343,-0.51924,-0.097557,-0.099098,0.52104,-0.52774
1.6743,0.40402,-1.0388,-0.73806,-0.097557,-0.099098,-0.6901,-0.52774
0.36328,-0.32223,-0.46191,0.35605,-0.097557,-0.099098,1.3861,1.9138
-1.0934,0.80749,-0.34653,-0.95688,-0.097557,-0.099098,0.34802,1.4443
1.9656,2.4214,0.11499,1.0125,10.243,-0.099098,0.69406,-0.52774
1.9656,2.9862,-0.34653,0.7937,-0.097557,-0.099098,-0.34406,-0.52774
-1.0934,-0.32223,-0.11577,-0.811,10.243,-0.099098,0.86708,0.69302
-0.51072,0.081238,-0.23115,-0.88394,-0.097557,-0.099098,0.0019817,-0.52774
0.50895,0.88818,-0.57729,-0.0086508,-0.097557,-0.099098,0.0019817,-0.52774
-1.8217,-0.8064,0.11499,-0.59218,-0.097557,-0.099098,0.0019817,-0.058216
0.43612,0.96888,0.34575,-0.15453,-0.097557,-0.099098,1.2131,-0.52774
-0.29222,-1.2099,-1.9618,-0.66512,-0.097557,-0.099098,0.86708,-0.52774
0.29045,0.40402,-0.92343,-0.30041,-0.097557,-0.099098,-0.34406,-0.52774
-1.2391,-0.48362,-0.11577,-1.3216,-0.097557,-0.099098,-0.34406,2.0077
2.257,2.5828,-1.0388,0.72076,-0.097557,-0.099098,-1.9012,-0.52774
1.383,0.80749,0.11499,-0.95688,-0.097557,10.868,0.34802,-0.52774
-1.0934,-1.1292,0.80727,-0.66512,-0.097557,-0.099098,0.34802,-0.52774
1.7471,1.7758,-0.34653,-0.081592,-0.097557,-0.099098,1.2131,-0.52774
0.29045,0.56541,0.23037,-0.51924,-0.097557,-0.099098,1.5592,3.698
2.9853,2.1793,-1.8465,1.5231,-0.097557,-0.099098,0.34802,0.3174
2.257,3.2283,-1.2696,1.0855,-0.097557,-0.099098,0.52104,-0.52774
-0.36505,-0.8064,0.69189,-0.88394,-0.097557,-0.099098,0.69406,-0.52774
-0.21938,-0.24154,0.92265,-0.73806,-0.097557,-0.099098,-0.17104,0.035689
-0.65639,-0.8871,0.11499,1.8878,-0.097557,-0.099098,-0.17104,-0.52774
-0.94772,-1.2906,-2.0772,-0.30041,-0.097557,-0.099098,1.0401,-0.52774
1.383,0.80749,-0.00038827,0.35605,-0.097557,-0.099098,0.86708,-0.52774
-1.0934,0.48471,-1.6157,0.28311,-0.097557,-0.099098,0.52104,-0.24603
2.4755,1.2917,-1.6157,3.7843,-0.097557,-0.099098,-0.17104,2.1016
0.07195,0.6461,0.46113,0.21017,-0.097557,-0.099098,0.52104,-0.52774
-0.94772,-0.56432,1.3842,0.06429,-0.097557,-0.099098,-0.34406,-0.52774
0.36328,1.2917,0.80727,0.42899,-0.097557,-0.099098,1.2131,0.59912
0.87312,0.6461,0.23037,-0.811,-0.097557,-0.099098,0.34802,0.12959
-0.43789,-0.48362,-0.11577,-0.811,-0.097557,-0.099098,-0.6901,-0.058216
-0.00088342,0.00054376,-0.23115,-0.66512,-0.097557,-0.099098,-0.51708,-0.15212
0.72745,0.80749,-0.11577,0.28311,-0.097557,-0.099098,0.52104,-0.52774
-1.0934,1.453,0.80727,1.0125,-0.097557,-0.099098,0.52104,0.78693
1.4558,1.5337,-0.80805,0.50193,-0.097557,-0.099098,1.3861,-0.52774
-1.9674,-1.6133,0.92265,-0.30041,-0.097557,-0.099098,-0.34406,-0.058216
-0.36505,-0.64501,0.23037,-0.4463,-0.097557,-0.099098,0.0019817,-0.24603
0.07195,-1.2099,-0.46191,-0.811,-0.097557,-0.099098,0.175,1.3504
-0.58355,-0.8871,-0.34653,-0.95688,-0.097557,-0.099098,0.0019817,-0.058216
-1.3119,-0.96779,0.23037,-0.4463,-0.097557,-0.099098,0.34802,0.035689
0.65462,1.211,0.23037,0.28311,-0.097557,-0.099098,-0.6901,0.3174
-0.94772,-1.3713,-0.00038827,-1.0298,-0.097557,-0.099098,0.175,2.4772
-0.36505,0.48471,-0.11577,-0.66512,-0.097557,-0.099098,0.34802,-0.52774
-1.3847,-1.5327,0.46113,-0.59218,-0.097557,-0.099098,0.34802,0.12959
-1.6761,0.081238,-0.34653,0.64782,-0.097557,-0.099098,-0.17104,0.035689
0.29045,0.48471,0.80727,-0.59218,-0.097557,-0.099098,-0.86312,-0.24603
-0.51072,0.081238,0.46113,-0.811,-0.097557,-0.099098,-0.86312,-0.15212
0.72745,-0.8064,1.038,-0.59218,-0.097557,-0.099098,-0.34406,-0.52774
-0.87489,-0.24154,0.34575,-1.0298,-0.097557,-0.099098,-0.34406,-0.52774
1.0188,0.24263,-0.57729,-0.95688,-0.097557,-0.099098,0.52104,-0.52774
0.14478,0.081238,0.11499,-1.0298,-0.097557,-0.099098,0.175,1.1625
-0.073717,-0.56432,-0.23115,-0.811,-0.097557,-0.099098,0.86708,-0.24603
-0.073717,-0.24154,0.23037,-0.73806,-0.097557,-0.099098,0.52104,0.035689
-0.14655,-0.8871,-0.11577,-0.59218,-0.097557,-0.099098,0.175,-0.52774
-0.43789,-1.2906,0.57651,-0.59218,-0.097557,-0.099098,0.34802,-0.52774
-0.51072,0.32332,0.92265,-0.73806,-0.097557,-0.099098,0.0019817,0.78693
-0.073717,-0.64501,0.46113,-0.66512,-0.097557,-0.099098,0.0019817,0.78693
-1.1662,1.2917,0.11499,-0.73806,-0.097557,-0.099098,-0.51708,0.50521
-2.1859,-1.2906,-1.9618,-1.1757,-0.097557,-0.099098,-0.34406,0.3174
1.7471,0.24263,-0.00038827,-1.3216,-0.097557,-0.099098,0.86708,0.3174
1.383,-0.16085,-1.3849,-0.811,-0.097557,-0.099098,0.86708,-0.52774
-1.4576,0.00054376,-0.34653,-1.1028,-0.097557,-0.099098,-0.6901,-0.52774
-0.43789,0.081238,-0.23115,0.86664,-0.097557,-0.099098,0.34802,-0.52774
-1.3847,-0.40293,-0.00038827,-0.66512,-0.097557,-0.099098,-0.17104,-0.52774
-0.72922,-1.2906,0.23037,-0.66512,-0.097557,-0.099098,-0.51708,2.1955
-0.72922,-0.16085,-0.00038827,-0.66512,-0.097557,-0.099098,0.69406,2.1016
0.58179,-0.16085,0.69189,-1.1757,-0.097557,-0.099098,-0.6901,-0.24603
0.58179,-0.16085,0.69189,-1.0298,-0.097557,-0.099098,-0.6901,-0.24603
0.58179,-0.40293,-0.23115,-0.15453,-0.097557,-0.099098,0.34802,0.88083
0.58179,-0.72571,0.11499,-0.0086508,-0.097557,-0.099098,0.175,0.88083
1.383,0.00054376,-0.11577,1.1584,-0.097557,-0.099098,-0.17104,-0.52774
-0.87489,-0.080151,1.2688,-0.95688,-0.097557,-0.099098,0.69406,-0.52774
-0.21938,-0.080151,1.4995,-0.66512,-0.097557,-0.099098,-3.2854,-0.15212
-1.6032,0.081238,0.57651,-1.1028,-0.097557,-0.099098,-0.6901,-0.52774
0.43612,0.56541,1.4995,0.93958,10.243,-0.099098,1.5592,1.1625
-2.1131,-0.96779,-0.11577,-0.73806,-0.097557,-0.099098,0.175,1.6321
-0.29222,0.56541,0.80727,-0.811,-0.097557,-0.099098,0.34802,-0.15212
-0.51072,-0.64501,0.46113,-0.30041,-0.097557,-0.099098,1.2131,0.50521
0.50895,0.72679,-0.00038827,2.3255,-0.097557,-0.099098,0.52104,-0.52774
-0.14655,-1.2906,-0.34653,-0.88394,-0.097557,-0.099098,-0.51708,-0.15212
-1.0934,-0.8064,0.34575,-0.59218,-0.097557,-0.099098,-1.3822,0.97474
0.21762,-0.56432,-0.34653,-0.811,-0.097557,-0.099098,1.3861,-0.52774
-0.29222,-0.40293,0.69189,-0.73806,-0.097557,-0.099098,1.0401,-0.52774
-0.43789,-0.64501,1.3842,-0.88394,-0.097557,-0.099098,0.86708,0.88083
-0.94772,-1.2906,0.92265,-0.15453,-0.097557,-0.099098,-1.0361,-0.90336
-0.94772,-1.2906,0.92265,-0.15453,-0.097557,-0.099098,-1.0361,-0.90336
-0.80205,-0.8871,0.57651,1.8878,-0.097557,-0.099098,-2.2473,-1.0912
-0.80205,-0.8871,0.57651,1.8878,-0.097557,-0.099098,-2.2473,-1.0912
-0.14655,-0.32223,-1.3849,0.21017,-0.097557,-0.099098,0.52104,-0.52774
0.07195,1.0496,-2.308,0.64782,-0.097557,-0.099098,0.52104,-0.058216
0.21762,1.453,-1.8465,1.1584,-0.097557,-0.099098,0.69406,-0.058216
-0.94772,-2.2589,1.6149,0.64782,-0.097557,-0.099098,-0.51708,-0.52774
0.07195,-0.16085,0.92265,-0.30041,-0.097557,-0.099098,0.0019817,0.035689
-1.5304,1.453,-0.34653,-0.0086508,-0.097557,-0.099098,-0.51708,0.88083
-0.00088342,-0.40293,-0.11577,-0.811,-0.097557,-0.099098,0.86708,1.4443
-1.2391,-1.7747,-2.1926,-0.15453,-0.097557,-0.099098,0.52104,-0.52774
-1.1662,-1.2099,1.2688,-0.51924,-0.097557,-0.099098,0.34802,-0.24603
0.36328,0.24263,0.69189,0.21017,-0.097557,-0.099098,-0.34406,-0.52774
-0.43789,-0.72571,0.92265,-0.4463,-0.097557,-0.099098,1.2131,-0.24603
-0.36505,0.48471,0.11499,2.7631,-0.097557,-0.099098,0.69406,-0.52774
-0.87489,-0.32223,0.23037,3.5654,-0.097557,-0.099098,0.0019817,-0.15212
0.80029,0.32332,-0.11577,-0.51924,-0.097557,-0.099098,0.69406,1.8199
-0.43789,0.24263,0.23037,0.7937,-0.097557,-0.099098,0.0019817,-0.52774
-0.43789,0.24263,0.23037,0.7937,-0.097557,-0.099098,0.0019817,-0.52774
-1.3119,-1.2906,1.2688,-0.66512,-0.097557,-0.099098,0.34802,0.41131
-1.1662,-1.2906,1.2688,-0.59218,-0.097557,-0.099098,0.34802,0.41131
0.07195,1.453,-0.11577,2.3984,-0.097557,-0.099098,0.69406,-0.058216
-0.65639,-1.6133,-0.11577,0.13723,-0.097557,-0.099098,0.69406,-0.52774
-0.65639,-0.56432,-0.00038827,0.13723,-0.097557,-0.099098,0.0019817,-0.52774
-1.4576,0.00054376,-1.8465,-0.0086508,-0.097557,-0.099098,0.175,-0.52774
-0.073717,-0.8064,-1.8465,-0.0086508,-0.097557,-0.099098,0.0019817,-0.52774
-1.1662,-0.8064,-2.308,-0.22747,-0.097557,-0.099098,0.175,-0.52774
-0.51072,-0.48362,-2.308,-0.59218,-0.097557,-0.099098,0.175,-0.52774
-0.51072,-0.40293,-1.5003,-1.0298,-0.097557,-0.099098,-0.34406,-0.52774
-0.36505,0.56541,-2.308,-0.66512,-0.097557,-0.099098,0.175,-0.52774
-0.36505,0.56541,-2.308,-0.66512,-0.097557,-0.099098,0.175,-0.52774
-0.58355,-0.48362,-1.9618,-0.66512,-0.097557,-0.099098,0.69406,-0.058216
0.14478,0.00054376,0.34575,-1.1757,-0.097557,-0.099098,-0.34406,-0.52774
-0.36505,0.32332,0.46113,2.6172,-0.097557,-0.099098,0.52104,-0.52774
0.07195,-0.56432,1.4995,-0.59218,-0.097557,-0.099098,0.34802,-0.52774
0.07195,0.16193,-0.23115,1.7419,-0.097557,-0.099098,0.175,-0.52774
0.36328,-0.080151,-0.00038827,1.4502,-0.097557,-0.099098,0.34802,-0.24603
-0.00088342,0.24263,-0.57729,1.3043,-0.097557,-0.099098,-0.17104,-0.52774
-0.36505,0.72679,0.34575,3.4925,-0.097557,-0.099098,-0.51708,-0.24603
0.50895,0.88818,0.57651,2.9819,-0.097557,-0.099098,-0.34406,-0.52774
1.2373,0.081238,0.34575,0.13723,-0.097557,-0.099098,0.175,-0.52774
-1.0934,-0.080151,-0.34653,-0.30041,-0.097557,-0.099098,0.0019817,0.035689
-0.21938,1.0496,1.8457,1.3772,-0.097557,-0.099098,-2.2473,-1.5607
0.07195,-1.2906,-0.80805,-0.59218,-0.097557,-0.099098,-0.34406,-0.24603
0.43612,-0.40293,1.038,-0.88394,-0.097557,-0.099098,0.175,-0.15212
-0.36505,-0.96779,1.038,-0.59218,-0.097557,-0.099098,-1.0361,1.6321
-0.51072,0.081238,1.1534,-0.081592,-0.097557,-0.099098,0.86708,-0.52774
-0.21938,0.72679,-0.80805,-0.95688,-0.097557,-0.099098,1.0401,0.2235
-0.72922,-0.40293,-0.92343,-0.66512,-0.097557,-0.099098,0.69406,-0.15212
2.8396,2.5021,-1.6157,3.2737,-0.097557,-0.099098,0.86708,3.3224
-0.58355,-1.452,1.2688,-0.95688,-0.097557,-0.099098,-6.2268,-0.058216
-0.00088342,-0.32223,-0.92343,0.42899,-0.097557,-0.099098,1.0401,2.5711
-0.29222,-0.72571,-0.00038827,1.3043,-0.097557,-0.099098,0.52104,-0.52774
-0.72922,0.081238,-0.92343,-0.95688,-0.097557,-0.099098,-0.86312,-0.24603
1.4558,1.8565,-1.5003,0.7937,-0.097557,-0.099098,-0.34406,0.3174
2.257,2.0986,-2.0772,0.7937,-0.097557,-0.099098,0.175,-0.52774
1.0916,0.88818,-1.2696,0.28311,-0.097557,-0.099098,1.2131,0.035689
-0.21938,-0.56432,-1.7311,0.42899,-0.097557,-0.099098,0.69406,-0.52774
-0.58355,-2.0168,1.1534,-0.88394,-0.097557,-0.099098,-0.86312,-0.52774
-1.9674,-1.2906,-1.0388,0.13723,-0.097557,-0.099098,0.0019817,-0.058216
2.5483,0.48471,-1.9618,0.86664,10.243,-0.099098,0.86708,-0.24603
-1.1662,-1.5327,1.1534,0.7937,-0.097557,-0.099098,0.0019817,0.2235
0.65462,0.24263,-0.34653,-0.0086508,-0.097557,-0.099098,0.52104,0.3174
1.2373,1.0496,-1.8465,1.0855,-0.097557,-0.099098,1.7322,0.50521
1.4558,1.8565,-1.3849,0.72076,-0.097557,-0.099098,0.69406,-0.52774
0.29045,0.081238,0.46113,1.8878,-0.097557,-0.099098,-0.51708,-0.24603
0.21762,0.00054376,0.46113,2.1796,-0.097557,-0.099098,-0.17104,1.2564
2.4755,1.0496,-1.3849,-0.22747,-0.097557,-0.099098,0.52104,-0.52774
-0.14655,-0.56432,-0.57729,-0.66512,-0.097557,-0.099098,-0.34406,0.88083
-0.51072,0.16193,0.34575,1.8878,10.243,-0.099098,-0.17104,-0.52774
-0.87489,-0.080151,0.46113,5.389,-0.097557,-0.099098,0.0019817,-0.058216
-0.51072,-1.452,0.69189,0.06429,-0.097557,-0.099098,-0.51708,-0.058216
2.4755,2.9862,-0.57729,2.0337,-0.097557,-0.099098,-3.8045,-0.52774
-1.6761,0.48471,0.69189,-0.59218,-0.097557,-0.099098,0.34802,-0.52774
2.8396,2.5828,1.1534,1.669,-0.097557,-0.099098,0.86708,-0.52774
-0.94772,0.40402,-2.4234,0.42899,-0.097557,-0.099098,0.175,-0.52774
2.694,2.6635,0.80727,0.72076,-0.097557,-0.099098,-2.4203,-0.52774
-0.51072,-0.40293,0.46113,-0.88394,-0.097557,-0.099098,0.0019817,0.3174
0.14478,-0.16085,0.46113,0.13723,-0.097557,-0.099098,0.69406,-0.52774
1.9656,0.80749,-0.92343,0.50193,-0.097557,-0.099098,1.2131,-0.52774
0.58179,2.0986,-1.1542,0.7937,-0.097557,-0.099098,0.69406,0.2235
-1.0206,-0.48362,0.80727,-0.59218,-0.097557,-0.099098,-1.3822,-0.52774
-0.58355,0.081238,-1.2696,-0.30041,-0.097557,-0.099098,-0.17104,-0.15212
0.14478,-0.16085,0.92265,2.1066,-0.097557,-0.099098,-0.34406,-0.52774
-0.58355,-1.452,-0.23115,-0.73806,-0.097557,-0.099098,0.86708,-0.52774
-0.51072,-0.96779,0.11499,-0.15453,-0.097557,-0.099098,-0.6901,0.50521
-0.14655,0.56541,0.23037,2.5443,-0.097557,-0.099098,0.175,-0.52774
2.4026,0.24263,0.23037,-0.4463,-0.097557,-0.099098,-0.34406,-0.24603
-1.0206,-1.2906,-0.46191,-0.51924,-0.097557,-0.099098,0.34802,-0.52774
0.07195,-0.56432,-0.34653,-0.51924,-0.097557,-0.099098,0.34802,0.88083
0.29045,0.32332,-0.11577,-0.88394,-0.097557,-0.099098,1.0401,-0.52774
-0.43789,-0.72571,-0.69267,-0.95688,-0.097557,-0.099098,-0.17104,1.3504
1.3101,0.00054376,0.57651,2.836,-0.097557,-0.099098,-0.6901,0.3174
0.21762,-0.48362,-0.34653,-0.30041,-0.097557,-0.099098,0.52104,-0.52774
-0.14655,-0.16085,-0.00038827,1.5231,-0.097557,-0.099098,0.86708,-0.52774
-0.29222,-2.9045,-1.6157,-0.37335,-0.097557,-0.099098,0.0019817,-0.24603
-0.00088342,-0.40293,-0.23115,-0.66512,-0.097557,-0.099098,0.0019817,-0.15212
-0.43789,0.24263,-0.80805,-0.66512,-0.097557,-0.099098,0.69406,4.4492
-0.29222,-0.24154,-0.46191,-0.73806,-0.097557,-0.099098,0.175,-0.52774
0.87312,1.1303,0.69189,-0.4463,-0.097557,-0.099098,-0.34406,0.50521
-0.29222,-1.452,0.92265,-0.66512,-0.097557,-0.099098,1.9052,-0.24603
2.0385,-0.16085,-0.34653,0.28311,-0.097557,-0.099098,0.52104,1.8199
-0.073717,0.96888,1.7303,-0.59218,-0.097557,-0.099098,-0.6901,1.4443
-0.00088342,-1.2906,1.3842,-0.51924,-0.097557,-0.099098,1.2131,-0.52774
-0.80205,-1.0485,-1.9618,-0.22747,-0.097557,-0.099098,0.52104,-0.15212
-0.80205,-1.0485,0.69189,-0.811,-0.097557,-0.099098,0.0019817,-0.058216
-1.2391,-1.0485,0.46113,0.13723,-0.097557,-0.099098,0.52104,-0.058216
-0.80205,-1.0485,-1.9618,-0.22747,-0.097557,-0.099098,0.34802,-0.15212
-1.2391,-0.96779,0.34575,-0.0086508,-0.097557,-0.099098,0.34802,-0.058216
-0.14655,0.081238,0.80727,-0.15453,-0.097557,-0.099098,0.0019817,-0.52774
-0.00088342,0.96888,0.46113,2.909,-0.097557,-0.099098,-0.17104,-0.52774
1.6015,0.6461,-0.92343,0.13723,-0.097557,-0.099098,-0.34406,-0.52774
2.257,1.211,0.23037,1.0855,-0.097557,-0.099098,1.2131,-0.15212
-0.00088342,-0.080151,0.23037,-0.4463,-0.097557,-0.099098,-1.2092,2.2894
-2.3316,-0.16085,-0.46191,-1.0298,-0.097557,-0.099098,-8.649,-0.24603
0.21762,0.081238,0.11499,-1.1028,-0.097557,-0.099098,-0.17104,1.2564
0.87312,0.80749,-0.34653,-0.73806,-0.097557,-0.099098,0.52104,-0.52774
1.3101,0.6461,0.11499,-0.51924,-0.097557,10.868,0.69406,-0.52774
-0.72922,0.16193,0.34575,1.8878,-0.097557,-0.099098,0.175,-0.52774
0.07195,-0.24154,-1.0388,1.3043,-0.097557,-0.099098,0.0019817,-0.52774
1.6015,0.48471,-1.1542,-0.0086508,-0.097557,-0.099098,0.175,-0.15212
-1.3119,-0.24154,0.57651,-0.081592,-0.097557,-0.099098,-0.17104,-0.52774
-0.29222,0.56541,0.23037,0.13723,-0.097557,-0.099098,0.34802,-0.52774
-0.073717,-0.16085,-0.46191,2.6902,-0.097557,-0.099098,0.34802,-0.52774
1.4558,0.24263,-0.92343,-0.30041,-0.097557,-0.099098,0.175,0.035689
1.3101,1.453,-0.11577,-0.811,-0.097557,-0.099098,0.52104,-0.52774
-0.21938,0.80749,-1.7311,-0.37335,-0.097557,-0.099098,0.34802,-0.52774
0.36328,-0.080151,-0.57729,-0.59218,-0.097557,-0.099098,-0.17104,-0.52774
-0.72922,0.24263,1.2688,-0.37335,-0.097557,-0.099098,-0.34406,0.50521
0.50895,-0.48362,-0.92343,-0.4463,-0.097557,-0.099098,0.69406,-0.52774
-0.72922,-0.24154,-0.23115,-0.59218,-0.097557,-0.099098,-0.6901,-0.52774
-0.51072,2.6635,0.57651,-0.4463,-0.097557,-0.099098,-0.51708,1.1625
0.36328,1.211,-0.00038827,0.13723,-0.097557,-0.099098,0.86708,-0.52774
-1.5304,-0.32223,0.46113,0.06429,-0.097557,-0.099098,-0.17104,-0.52774
-0.29222,-0.64501,1.1534,-0.37335,-0.097557,-0.099098,-1.7282,-0.52774
2.1841,2.5021,0.57651,0.64782,-0.097557,-0.099098,-1.3822,-0.52774
-0.36505,-0.16085,1.4995,2.9819,-0.097557,-0.099098,-0.34406,-0.52774
1.1645,0.16193,0.23037,1.3043,-0.097557,-0.099098,1.0401,-0.058216
0.29045,0.16193,0.46113,-0.4463,-0.097557,-0.099098,0.86708,-0.24603
-0.14655,-0.24154,0.46113,2.1066,-0.097557,-0.099098,0.175,3.5102
0.72745,0.72679,-0.57729,-0.22747,-0.097557,-0.099098,0.86708,-0.52774
-0.36505,1.8565,-0.34653,2.836,-0.097557,-0.099098,0.69406,1.4443
1.1645,0.32332,-0.11577,-0.73806,-0.097557,-0.099098,0.69406,0.78693
-0.29222,0.40402,1.2688,-0.95688,-0.097557,-0.099098,-0.51708,-0.52774
-0.58355,0.00054376,0.34575,-0.30041,-0.097557,10.868,0.0019817,-0.52774
1.1645,1.2917,-2.0772,2.0337,-0.097557,-0.099098,0.175,-0.52774
1.7471,0.48471,-1.7311,0.72076,-0.097557,-0.099098,0.175,-0.24603
1.2373,0.081238,0.46113,-0.37335,-0.097557,-0.099098,-1.2092,0.2235
0.58179,-0.32223,-0.46191,0.57487,-0.097557,-0.099098,0.0019817,1.4443
-0.72922,1.453,-0.00038827,4.076,-0.097557,-0.099098,-1.0361,0.78693
0.65462,0.56541,-0.80805,-0.0086508,-0.097557,-0.099098,0.175,-0.52774
-0.80205,-1.6133,0.69189,-1.0298,-0.097557,-0.099098,0.52104,0.97474
0.72745,0.96888,0.46113,1.0125,-0.097557,-0.099098,0.0019817,-0.52774
-1.0206,-0.8064,0.34575,1.5961,-0.097557,-0.099098,-0.34406,-0.52774
-0.65639,0.32332,0.92265,-0.4463,-0.097557,-0.099098,0.34802,-0.52774
0.50895,-0.8064,1.3842,0.28311,-0.097557,-0.099098,-0.34406,-1.5607
-0.58355,0.24263,0.34575,2.7631,-0.097557,-0.099098,-0.51708,-0.52774
-0.00088342,-0.32223,1.6149,0.72076,-0.097557,-0.099098,-0.17104,-0.52774
0.72745,0.081238,1.1534,0.86664,-0.097557,10.868,0.34802,-0.33993
0.72745,0.56541,1.6149,1.8878,-0.097557,-0.099098,-0.51708,0.035689
-0.36505,-0.56432,1.4995,1.0125,-0.097557,-0.099098,1.5592,-1.5607
-0.43789,-0.48362,1.9611,0.64782,-0.097557,-0.099098,-0.34406,-0.15212
0.50895,0.6461,0.92265,0.64782,-0.097557,-0.099098,-0.17104,-0.52774
1.0188,1.1303,0.69189,-0.37335,-0.097557,-0.099098,0.0019817,-0.52774
0.43612,0.00054376,1.2688,1.669,-0.097557,-0.099098,-0.6901,0.035689
0.72745,-0.32223,1.038,-0.73806,-0.097557,-0.099098,-0.17104,-0.52774
-1.0206,-0.96779,0.69189,1.3043,-0.097557,-0.099098,-0.34406,-0.52774
0.21762,0.16193,1.2688,0.64782,-0.097557,-0.099098,0.0019817,-0.52774
0.36328,0.00054376,1.1534,0.35605,-0.097557,-0.099098,-0.6901,-0.058216
0.58179,0.24263,0.80727,1.4502,-0.097557,-0.099098,0.175,-0.058216
-0.87489,0.32332,0.46113,1.0855,-0.097557,-0.099098,0.175,-0.52774
0.36328,0.72679,-0.34653,2.7631,-0.097557,-0.099098,0.69406,0.50521
0.29045,1.1303,-0.00038827,-0.95688,-0.097557,-0.099098,-0.17104,-0.52774
-0.72922,1.9372,-0.11577,-0.73806,-0.097557,-0.099098,0.175,-0.52774
1.8928,2.0986,-1.7311,0.06429,-0.097557,-0.099098,-1.0361,-0.52774
0.07195,0.48471,0.11499,1.1584,-0.097557,-0.099098,0.52104,0.78693
-0.51072,-1.452,-0.00038827,0.21017,-0.097557,-0.099098,0.0019817,-0.52774
-1.3119,-0.40293,-0.69267,-0.4463,-0.097557,-0.099098,0.86708,0.50521
0.07195,0.80749,0.11499,-0.0086508,-0.097557,-0.099098,0.69406,-0.52774
-0.073717,-0.32223,-0.92343,1.4502,-0.097557,-0.099098,0.86708,-0.52774
-0.00088342,0.48471,-0.11577,2.5443,-0.097557,-0.099098,0.0019817,-0.52774
0.07195,-0.16085,0.11499,1.2313,-0.097557,-0.099098,-0.17104,-0.52774
0.21762,-0.8064,0.80727,-1.0298,-0.097557,-0.099098,0.52104,0.41131
0.94595,0.80749,-0.00038827,0.06429,-0.097557,-0.099098,0.86708,-0.52774
0.80029,0.72679,-0.34653,1.669,-0.097557,-0.099098,0.69406,-0.52774
0.36328,0.24263,0.46113,1.0125,-0.097557,-0.099098,-0.34406,-0.52774
-0.43789,0.24263,0.34575,0.7937,-0.097557,-0.099098,0.175,-0.52774
0.50895,-0.8064,-0.23115,-0.15453,-0.097557,-0.099098,0.86708,-0.52774
-0.29222,-0.32223,0.69189,-1.0298,-0.097557,-0.099098,0.86708,-0.52774
-0.21938,-0.32223,0.57651,0.13723,-0.097557,-0.099098,-1.0361,1.726
-0.80205,-1.2099,-0.11577,-0.66512,-0.097557,-0.099098,-0.17104,-0.52774
0.58179,-0.96779,-1.1542,-0.37335,-0.097557,-0.099098,0.0019817,-0.52774
0.21762,-0.72571,-0.00038827,-0.15453,10.243,-0.099098,-0.51708,-0.52774
-0.51072,-0.8064,-0.00038827,-0.59218,-0.097557,-0.099098,0.0019817,0.035689
-0.65639,0.72679,-0.46191,-0.51924,-0.097557,-0.099098,-2.4203,-0.52774
0.58179,0.48471,0.23037,-0.081592,-0.097557,-0.099098,1.2131,0.69302
-0.43789,-0.72571,-2.4234,-0.37335,-0.097557,-0.099098,-0.17104,-0.52774
-0.073717,0.80749,0.57651,-0.66512,-0.097557,-0.099098,-1.0361,-0.52774
0.43612,1.0496,0.23037,-0.4463,-0.097557,-0.099098,-2.7663,-0.15212
0.07195,-0.32223,0.46113,1.0855,-0.097557,-0.099098,0.52104,-0.52774
0.72745,0.081238,0.23037,1.3772,-0.097557,-0.099098,0.0019817,-0.058216
-0.94772,0.081238,0.80727,1.0125,-0.097557,-0.099098,-0.34406,-0.058216
-1.0206,-0.8871,0.57651,-0.0086508,-0.097557,-0.099098,-0.17104,-0.52774
-0.00088342,-1.1292,0.34575,1.0855,-0.097557,-0.099098,0.86708,0.78693
0.65462,0.6461,-1.2696,1.8878,-0.097557,-0.099098,0.0019817,0.3174
2.0385,1.0496,0.34575,-0.95688,-0.097557,-0.099098,0.69406,-0.52774
-0.21938,0.72679,-1.5003,0.35605,-0.097557,-0.099098,0.175,0.78693
-0.14655,0.96888,0.23037,0.28311,-0.097557,-0.099098,0.175,0.88083
-0.14655,0.32332,0.34575,2.4713,-0.097557,-0.099098,0.52104,0.3174
-1.0206,-0.48362,0.11499,-0.66512,-0.097557,-0.099098,1.7322,-0.80946
-0.80205,-1.2906,2.0764,0.28311,-0.097557,-0.099098,0.0019817,0.12959
-0.72922,0.24263,-0.69267,-0.59218,-0.097557,-0.099098,0.69406,0.3174
-1.0206,-1.6133,-0.00038827,-0.51924,-0.097557,-0.099098,0.86708,0.2235
-0.073717,-0.48362,0.11499,-0.59218,-0.097557,-0.099098,0.34802,-0.058216
-1.2391,-0.16085,0.57651,-0.73806,-0.097557,-0.099098,0.52104,4.4492
-0.36505,-2.3396,-0.11577,-0.15453,-0.097557,-0.099098,-0.6901,0.3174
-0.43789,-1.2906,1.2688,-0.95688,-0.097557,-0.099098,-0.17104,-0.15212
2.694,-0.24154,1.1534,1.5231,-0.097557,-0.099098,1.5592,-0.52774
-1.4576,0.40402,0.92265,-0.73806,-0.097557,-0.099098,1.9052,0.035689
-1.5304,-1.2906,0.57651,-0.15453,-0.097557,-0.099098,0.175,-0.52774
-0.21938,-0.24154,-0.00038827,-0.811,-0.097557,-0.099098,0.0019817,1.9138
0.07195,-1.2906,-0.11577,-0.73806,-0.097557,-0.099098,0.52104,-0.62165
1.0188,2.0986,0.11499,-0.59218,-0.097557,-0.099098,-0.6901,-0.52774
-0.36505,-0.72571,0.92265,1.5961,-0.097557,-0.099098,0.52104,3.4163
2.9125,0.32332,1.038,-0.4463,-0.097557,-0.099098,-0.34406,-0.52774
2.7668,0.72679,0.46113,0.93958,-0.097557,-0.099098,-1.5552,0.2235
1.4558,0.081238,-0.34653,-0.15453,-0.097557,-0.099098,0.52104,-0.24603
-1.8217,-1.1292,0.92265,0.28311,-0.097557,-0.099098,1.3861,0.3174
1.383,0.96888,-0.11577,-1.9051,10.243,-0.099098,-0.51708,-0.52774
2.4026,0.56541,-0.92343,2.2525,-0.097557,-0.099098,0.0019817,0.41131
-0.51072,-0.96779,-1.3849,-1.0298,-0.097557,-0.099098,0.0019817,-0.52774
2.0385,1.211,-1.1542,-0.73806,-0.097557,-0.099098,2.2512,-0.52774
0.14478,1.1303,-1.8465,-0.73806,-0.097557,-0.099098,1.2131,-0.52774
1.82,1.2917,1.6149,0.93958,-0.097557,-0.099098,-0.6901,0.41131
-0.65639,-0.080151,0.92265,-0.30041,-0.097557,-0.099098,0.34802,-0.52774
0.58179,0.081238,0.69189,-0.73806,-0.097557,-0.099098,-2.7663,-0.52774
-0.14655,-0.080151,-0.57729,-0.22747,-0.097557,-0.099098,0.175,-0.52774
-0.80205,-0.64501,-0.11577,-1.1757,-0.097557,-0.099098,-0.17104,3.5102
-1.3847,-0.64501,-0.23115,-0.66512,-0.097557,-0.099098,-0.17104,2.3833
-0.80205,-1.7747,0.46113,-0.88394,-0.097557,-0.099098,1.5592,-0.52774
1.8928,1.3724,-1.5003,-0.30041,-0.097557,-0.099098,0.69406,-0.52774
-0.073717,-1.8554,0.80727,-0.59218,-0.097557,10.868,0.69406,-0.52774
-1.6032,-0.16085,0.69189,-0.73806,-0.097557,-0.099098,-0.34406,-0.15212
1.383,-0.8871,0.23037,-1.0298,-0.097557,-0.099098,-2.0743,0.69302
1.0188,0.16193,-0.00038827,-0.0086508,-0.097557,-0.099098,0.175,0.3174
0.43612,-0.16085,-0.00038827,0.28311,-0.097557,-0.099098,0.175,-0.52774
-0.00088342,0.00054376,0.46113,-0.73806,-0.097557,-0.099098,-0.17104,-0.52774
-0.21938,-0.56432,1.038,0.06429,-0.097557,-0.099098,0.86708,-0.52774
1.3101,0.72679,-0.69267,1.669,-0.097557,-0.099098,-1.7282,-0.15212
-0.00088342,0.081238,0.80727,0.06429,-0.097557,-0.099098,-0.34406,-0.52774
-0.36505,-0.32223,1.2688,-0.4463,-0.097557,-0.099098,2.0782,-0.52774
0.21762,0.081238,-1.6157,-0.95688,-0.097557,-0.099098,0.34802,-0.52774
0.72745,0.32332,0.46113,1.9608,-0.097557,-0.099098,0.34802,-0.058216
-0.073717,0.16193,0.34575,3.2007,-0.097557,-0.099098,0.175,-0.52774
-0.073717,-0.40293,0.34575,-0.73806,-0.097557,-0.099098,-0.17104,0.3174
0.07195,-0.32223,0.80727,-0.081592,-0.097557,-0.099098,0.52104,-0.52774
-0.073717,-0.40293,-0.46191,-0.59218,-0.097557,-0.099098,-0.17104,0.3174
0.14478,-0.32223,0.11499,-0.59218,-0.097557,-0.099098,0.0019817,-0.52774
0.36328,0.72679,0.23037,-1.1757,-0.097557,-0.099098,0.52104,-0.52774
-0.80205,0.6461,-0.00038827,-1.1757,-0.097557,-0.099098,0.175,-0.24603
1.4558,2.7442,-0.11577,0.13723,10.243,-0.099098,1.3861,-0.52774
-0.65639,-0.16085,-1.3849,-0.95688,-0.097557,-0.099098,0.175,0.69302
-0.94772,-0.64501,1.1534,-0.95688,-0.097557,-0.099098,0.175,-0.52774
-0.36505,0.6461,1.038,1.3043,-0.097557,-0.099098,1.0401,-0.52774
-1.6032,-0.32223,-2.7695,-0.59218,-0.097557,-0.099098,-1.9012,-0.52774
0.07195,-0.32223,-0.11577,-0.37335,-0.097557,-0.099098,0.86708,-0.52774
2.1841,2.5828,0.80727,-0.0086508,-0.097557,-0.099098,1.2131,-0.058216
-0.29222,-0.080151,-0.57729,0.13723,-0.097557,-0.099098,0.86708,-0.52774
-0.72922,-1.1292,0.57651,-0.811,-0.097557,-0.099098,0.52104,-0.52774
-0.00088342,-1.452,-0.11577,1.669,-0.097557,-0.099098,-0.34406,0.41131
1.82,0.80749,-0.80805,0.64782,-0.097557,-0.099098,-0.86312,-0.058216
0.43612,1.453,0.23037,0.93958,-0.097557,-0.099098,-2.4203,-0.52774
-0.14655,-0.40293,1.038,0.64782,-0.097557,-0.099098,0.86708,0.2235
0.65462,-0.40293,0.92265,-0.37335,-0.097557,-0.099098,-0.17104,-0.52774
-0.14655,0.16193,-0.11577,0.64782,-0.097557,6.5075,0.175,-0.52774
0.65462,0.6461,-0.34653,2.5443,-0.097557,-0.099098,-1.0361,0.2235
-0.00088342,0.56541,1.3842,-0.081592,-0.097557,-0.099098,0.175,-0.52774
0.87312,-0.56432,-0.11577,0.21017,-0.097557,-0.099098,0.0019817,-0.058216
-0.36505,-0.72571,-0.11577,-0.88394,10.243,-0.099098,0.52104,0.2235
-0.21938,-0.080151,1.1534,-0.811,-0.097557,-0.099098,-2.0743,-0.52774
-0.65639,-0.16085,0.46113,-0.15453,-0.097557,-0.099098,-2.2473,2.1955
-0.29222,-0.32223,0.34575,-0.22747,-0.097557,-0.099098,0.175,-0.52774
-0.51072,-0.40293,0.34575,-0.51924,-0.097557,-0.099098,1.0401,-0.52774
-1.6032,-1.1292,0.57651,-0.811,-0.097557,-0.099098,1.2131,-0.52774
-0.14655,-0.32223,0.92265,-0.0086508,-0.097557,-0.099098,-1.0361,-0.52774
1.7471,1.7758,-0.00038827,0.13723,-0.097557,-0.099098,0.0019817,-0.058216
1.7471,1.7758,-0.00038827,0.13723,-0.097557,-0.099098,-0.17104,-0.058216
-0.87489,0.96888,0.23037,-0.88394,-0.097557,-0.099098,0.52104,-0.52774
1.9656,1.7758,-0.23115,-0.0086508,-0.097557,-0.099098,0.175,-0.52774
-0.43789,-0.64501,0.80727,-0.30041,-0.097557,-0.099098,0.0019817,-0.24603
1.7471,1.9372,0.11499,0.06429,-0.097557,-0.099098,0.0019817,-0.52774
0.21762,0.32332,-0.80805,-0.59218,-0.097557,-0.099098,0.52104,0.3174
-0.87489,-0.40293,-1.5003,-0.51924,-0.097557,-0.099098,0.34802,0.2235
-0.72922,-1.0485,0.46113,-0.95688,-0.097557,-0.099098,-0.34406,-0.52774
-1.3847,-1.6133,-1.8465,-0.51924,-0.097557,-0.099098,0.86708,0.2235
-0.36505,-0.8064,-0.80805,-0.30041,-0.097557,-0.099098,0.175,1.9138
-0.21938,0.32332,0.34575,3.7113,-0.097557,-0.099098,0.34802,0.78693
1.9656,2.26,0.11499,0.13723,-0.097557,-0.099098,-2.9394,-0.52774
1.7471,1.6951,0.23037,0.28311,-0.097557,-0.099098,-3.9775,-0.52774
1.9656,1.8565,0.11499,0.06429,-0.097557,-0.099098,-2.7663,-0.52774
2.0385,1.5337,-0.69267,-0.0086508,-0.097557,-0.099098,0.69406,-0.52774
-0.073717,0.80749,-2.308,0.57487,-0.097557,-0.099098,0.0019817,1.4443
-1.6761,0.48471,-2.308,-0.88394,-0.097557,-0.099098,0.34802,1.0686
-0.72922,-0.8871,-1.9618,-0.66512,-0.097557,-0.099098,0.175,0.3174
0.36328,0.081238,0.46113,-0.4463,-0.097557,-0.099098,1.0401,-0.52774
3.4223,1.6951,-2.4234,1.1584,-0.097557,-0.099098,-2.5933,-0.52774
-0.43789,-0.56432,-1.8465,-0.37335,-0.097557,-0.099098,0.86708,1.1625
-0.80205,-0.080151,-2.308,-0.51924,-0.097557,-0.099098,0.34802,0.3174
-0.87489,-0.16085,0.11499,-0.95688,-0.097557,-0.099098,0.0019817,0.41131
-0.94772,0.081238,-1.2696,-0.59218,-0.097557,-0.099098,0.175,-0.058216
-1.6761,-0.080151,-1.6157,-0.0086508,-0.097557,-0.099098,-0.17104,-0.15212
-0.073717,-0.16085,0.23037,-0.4463,-0.097557,-0.099098,0.86708,-0.52774
-1.0206,-0.8871,0.46113,-0.73806,-0.097557,-0.099098,0.0019817,0.035689
0.29045,0.24263,-0.23115,-0.88394,-0.097557,-0.099098,-0.17104,0.50521
-0.94772,-0.16085,-0.00038827,-0.0086508,-0.097557,-0.099098,0.34802,1.0686
-1.8217,-0.8871,-0.00038827,-0.22747,-0.097557,-0.099098,0.0019817,0.035689
0.43612,0.00054376,0.69189,-0.0086508,-0.097557,-0.099098,0.52104,-0.058216
-0.65639,0.24263,-1.0388,-0.811,-0.097557,-0.099098,0.69406,-0.24603
-0.00088342,-0.40293,0.34575,-0.37335,-0.097557,-0.099098,-3.8045,-0.52774
-0.29222,-1.0485,-0.23115,0.72076,-0.097557,-0.099098,-0.34406,-0.52774
1.1645,0.40402,-1.8465,-0.4463,-0.097557,-0.099098,2.0782,-0.52774
-0.58355,1.211,0.92265,0.57487,-0.097557,-0.099098,0.0019817,-0.52774
-0.36505,-0.24154,0.34575,-0.811,-0.097557,-0.099098,0.34802,-0.058216
-0.58355,-1.7747,0.11499,-0.22747,-0.097557,-0.099098,0.52104,-0.058216
0.07195,-0.16085,-0.46191,0.21017,-0.097557,-0.099098,0.69406,-0.52774
1.82,1.5337,-0.23115,-0.95688,-0.097557,-0.099098,1.2131,1.1625
0.94595,0.40402,0.34575,1.8149,-0.097557,-0.099098,0.86708,-0.52774
0.36328,1.0496,0.46113,-0.73806,-0.097557,-0.099098,-0.86312,-0.058216
-0.29222,0.96888,0.46113,-0.081592,-0.097557,-0.099098,-0.6901,-0.52774
0.21762,0.72679,-0.23115,-0.88394,-0.097557,-0.099098,0.175,-0.52774
-0.58355,0.24263,0.80727,-0.66512,-0.097557,-0.099098,-0.17104,-0.52774
0.14478,-0.32223,0.69189,-0.4463,-0.097557,-0.099098,0.0019817,-0.52774
0.21762,-0.56432,0.80727,-0.15453,-0.097557,-0.099098,-1.9012,0.035689
-0.36505,-0.16085,0.69189,2.1796,-0.097557,-0.099098,-0.51708,-0.52774
0.43612,-0.16085,-0.00038827,-0.66512,-0.097557,-0.099098,0.175,-0.15212
1.9656,0.56541,-0.57729,-0.66512,-0.097557,-0.099098,0.52104,-0.52774
0.43612,0.72679,0.46113,-0.59218,-0.097557,-0.099098,-0.34406,1.726
-1.2391,-0.8871,0.23037,-1.2486,-0.097557,-0.099098,-0.51708,0.035689
-1.4576,-1.6133,-0.46191,0.42899,-0.097557,-0.099098,-0.86312,-0.52774
-0.87489,-1.9361,1.1534,-1.1757,-0.097557,-0.099098,-0.34406,1.5382
1.3101,-0.8871,-0.00038827,-0.811,-0.097557,-0.099098,-0.34406,0.88083
0.87312,-0.72571,0.23037,-0.66512,-0.097557,-0.099098,-0.34406,-0.52774
0.14478,-1.0485,-0.23115,-0.95688,-0.097557,-0.099098,0.86708,-0.52774
-1.1662,-1.2099,0.92265,-0.4463,-0.097557,-0.099098,-0.6901,0.41131
-0.073717,-0.40293,0.80727,-0.15453,-0.097557,-0.099098,-0.51708,0.97474
-0.72922,-1.7747,-0.23115,-1.4675,-0.097557,-0.099098,-0.17104,1.3504
0.07195,-0.8871,0.69189,-0.081592,-0.097557,-0.099098,0.175,0.50521
-0.36505,-0.40293,0.23037,-0.66512,-0.097557,-0.099098,0.69406,-0.52774
-1.6032,0.081238,0.57651,-0.51924,-0.097557,-0.099098,1.2131,-0.52774
0.07195,0.081238,0.69189,0.13723,-0.097557,-0.099098,0.69406,-0.058216
-0.14655,0.48471,-0.11577,0.42899,-0.097557,-0.099098,0.0019817,-0.52774
0.07195,-0.32223,-1.1542,2.836,-0.097557,-0.099098,-0.17104,-0.52774
2.257,0.40402,-1.7311,0.57487,-0.097557,-0.099098,0.175,-0.52774
0.21762,-0.40293,0.34575,-0.59218,-0.097557,-0.099098,-1.3822,-0.52774
-0.36505,-1.8554,-0.00038827,0.50193,-0.097557,-0.099098,0.52104,-0.15212
-1.0206,-1.3713,-1.3849,-0.811,-0.097557,-0.099098,0.86708,0.78693
-0.14655,0.00054376,0.69189,-1.1028,-0.097557,-0.099098,-2.9394,-0.52774
-1.0934,-0.24154,0.34575,-0.51924,-0.097557,-0.099098,-0.34406,-0.52774
-0.14655,-0.16085,0.69189,-0.59218,-0.097557,-0.099098,1.3861,-0.52774
-0.36505,0.24263,0.11499,1.1584,-0.097557,-0.099098,0.34802,-0.52774
-1.5304,-0.8064,-1.0388,1.5961,-0.097557,-0.099098,0.52104,0.2235
0.58179,0.24263,-1.9618,-0.0086508,-0.097557,-0.099098,0.175,-0.52774
-0.29222,-0.56432,-0.00038827,-0.15453,-0.097557,-0.099098,-0.34406,0.3174
-0.51072,-0.32223,-0.00038827,-0.37335,-0.097557,-0.099098,-0.17104,0.59912
0.80029,0.40402,0.11499,-0.0086508,-0.097557,-0.099098,0.34802,-0.52774
-0.00088342,0.96888,0.23037,0.28311,-0.097557,-0.099098,1.0401,-0.52774
-0.073717,-0.40293,0.46113,1.0125,-0.097557,-0.099098,0.86708,-0.52774
1.0188,0.24263,1.038,-0.88394,-0.097557,-0.099098,0.52104,-0.52774
0.50895,0.80749,0.46113,-0.66512,-0.097557,-0.099098,0.34802,-0.52774
-0.87489,-1.5327,1.038,-0.51924,-0.097557,-0.099098,-0.6901,-0.52774
1.3101,0.24263,-0.69267,0.35605,-0.097557,-0.099098,0.175,-0.52774
-1.8946,-0.72571,-0.34653,-0.73806,-0.097557,-0.099098,0.175,0.97474
0.80029,-0.8871,0.34575,-0.88394,-0.097557,-0.099098,-1.2092,-0.15212
-0.80205,-2.7431,1.038,-1.3216,-0.097557,-0.099098,0.175,-0.058216
-1.2391,-1.7747,-0.00038827,1.0125,-0.097557,-0.099098,-0.6901,3.1346
-0.51072,-0.16085,0.34575,-0.59218,-0.097557,-0.099098,-0.6901,-0.52774
-0.21938,-0.56432,-0.23115,-0.73806,-0.097557,-0.099098,-0.6901,-0.058216
0.14478,0.00054376,0.11499,-0.4463,-0.097557,-0.099098,0.175,-0.52774
-1.2391,-1.7747,0.23037,-0.811,-0.097557,-0.099098,0.175,5.4822
-1.0206,-0.16085,-0.00038827,-0.95688,-0.097557,-0.099098,-0.17104,3.0406
0.36328,0.72679,0.34575,-0.811,-0.097557,-0.099098,-0.17104,-0.52774
-1.3847,-0.8871,0.57651,0.13723,-0.097557,-0.099098,-0.6901,0.3174
-0.51072,-0.72571,0.11499,0.57487,-0.097557,-0.099098,-0.17104,0.035689
-0.65639,0.16193,0.69189,-0.0086508,-0.097557,-0.099098,-0.34406,0.41131
-0.14655,-0.24154,1.038,1.0855,-0.097557,-0.099098,1.0401,-0.058216
-0.073717,-0.080151,0.11499,0.21017,-0.097557,-0.099098,0.34802,4.0736
0.07195,0.88818,-0.00038827,-0.22747,-0.097557,-0.099098,0.34802,3.1346
0.65462,-0.24154,0.11499,1.9608,-0.097557,-0.099098,0.52104,-0.15212
-0.72922,0.80749,-0.00038827,-0.73806,-0.097557,-0.099098,0.175,-0.52774
0.29045,0.24263,0.34575,-0.66512,-0.097557,-0.099098,0.175,1.0686
0.80029,-0.32223,0.46113,-1.1028,-0.097557,-0.099098,-0.51708,-0.52774
1.1645,0.40402,0.46113,-0.59218,-0.097557,-0.099098,-1.2092,-0.52774
0.21762,-0.32223,0.46113,0.7937,-0.097557,-0.099098,0.175,0.2235
-0.65639,-0.72571,-0.80805,2.5443,-0.097557,-0.099098,0.52104,-0.52774
0.58179,-1.5327,1.1534,-1.0298,-0.097557,-0.099098,-0.51708,0.50521
-0.43789,-1.3713,0.57651,-0.73806,-0.097557,-0.099098,-0.17104,-0.52774
-0.43789,-0.40293,0.34575,-0.51924,-0.097557,-0.099098,-1.5552,0.035689
0.50895,0.40402,0.23037,-0.73806,-0.097557,-0.099098,-0.17104,1.0686
-0.36505,1.2917,-1.2696,-1.1028,-0.097557,-0.099098,0.69406,-0.52774
-1.3119,-0.080151,0.34575,0.13723,-0.097557,-0.099098,0.0019817,2.1016
-1.0934,-0.64501,0.69189,0.13723,-0.097557,-0.099098,-0.51708,-0.52774
0.50895,0.081238,0.92265,-0.30041,-0.097557,-0.099098,0.175,-0.52774
-1.1662,0.6461,-0.00038827,-0.0086508,-0.097557,-0.099098,0.175,-0.52774
0.36328,-0.40293,0.92265,-0.081592,-0.097557,-0.099098,-0.17104,-0.52774
-0.72922,1.2917,-1.8465,-0.37335,-0.097557,-0.099098,0.34802,-0.15212
-0.58355,-2.3396,1.038,0.28311,-0.097557,-0.099098,-0.51708,-0.058216
0.72745,-0.16085,-0.46191,0.42899,-0.097557,-0.099098,-1.7282,0.50521
1.0188,-0.48362,0.11499,0.64782,-0.097557,-0.099098,0.52104,-0.52774
-1.0934,-0.8064,-0.69267,-0.081592,-0.097557,-0.099098,0.52104,2.7589
0.36328,-0.96779,1.6149,1.1584,-0.097557,-0.099098,-0.51708,-0.52774
-0.21938,0.24263,-0.23115,1.8149,-0.097557,-0.099098,0.69406,-0.52774
-0.36505,-0.080151,0.80727,-0.081592,-0.097557,-0.099098,-0.34406,-0.52774
0.43612,0.081238,-2.0772,1.669,-0.097557,-0.099098,-0.34406,-0.52774
-0.94772,0.6461,-0.00038827,-0.30041,-0.097557,-0.099098,-0.51708,-0.52774
-0.21938,-0.40293,0.11499,0.50193,-0.097557,-0.099098,-0.6901,-0.15212
-0.00088342,-1.1292,1.6149,0.7937,-0.097557,-0.099098,-2.2473,0.50521
-0.51072,-0.48362,1.6149,-0.51924,-0.097557,-0.099098,-2.0743,0.50521
-0.87489,-0.8064,1.038,-0.081592,-0.097557,-0.099098,-1.0361,-0.52774
0.29045,0.40402,0.69189,-0.88394,-0.097557,-0.099098,0.0019817,-0.24603
-0.36505,0.00054376,0.80727,0.21017,-0.097557,-0.099098,-1.0361,-1.5607
-0.36505,0.00054376,0.80727,0.21017,-0.097557,-0.099098,-1.0361,-1.5607
0.80029,-0.96779,0.80727,0.72076,-0.097557,-0.099098,-1.0361,-0.62165
-0.51072,-1.3713,0.46113,0.7937,-0.097557,-0.099098,-2.0743,-1.0912
-0.51072,-1.3713,0.46113,0.7937,-0.097557,-0.099098,-2.0743,-1.0912
1.6015,0.081238,0.23037,-1.3216,-0.097557,-0.099098,0.69406,-0.52774
0.43612,-0.080151,0.46113,-0.811,-0.097557,-0.099098,0.0019817,0.69302
0.50895,-1.0485,-0.80805,0.06429,-0.097557,-0.099098,0.52104,0.035689
0.50895,-0.080151,1.2688,-0.0086508,-0.097557,-0.099098,0.34802,-0.52774
-1.1662,-0.16085,-0.34653,-0.51924,-0.097557,-0.099098,0.0019817,0.2235
0.29045,0.56541,0.57651,-0.59218,-0.097557,-0.099098,0.0019817,-0.52774
-0.87489,-0.48362,0.57651,1.3043,-0.097557,-0.099098,-0.51708,2.1955
-1.6761,-1.5327,0.57651,-0.95688,-0.097557,-0.099098,0.0019817,-0.52774
0.14478,-0.32223,0.69189,-0.081592,-0.097557,-0.099098,0.34802,-0.52774
-0.43789,0.00054376,0.57651,-0.15453,-0.097557,-0.099098,-0.34406,-0.52774
-1.1662,-0.24154,-0.23115,0.42899,-0.097557,-0.099098,-1.3822,-0.52774
-0.00088342,0.48471,1.4995,-0.081592,-0.097557,-0.099098,-1.3822,-0.52774
-0.29222,0.24263,-0.34653,0.7937,-0.097557,-0.099098,0.175,0.78693
-1.3847,0.80749,1.7303,-0.59218,-0.097557,-0.099098,-0.6901,-0.52774
-0.94772,-0.40293,0.34575,-0.88394,-0.097557,-0.099098,-0.17104,-0.52774
-0.87489,-0.96779,0.46113,-0.15453,-0.097557,-0.099098,0.69406,-0.52774
-1.0206,-0.080151,0.57651,-0.37335,-0.097557,-0.099098,0.86708,0.50521
-1.5304,-0.8064,-0.00038827,-0.73806,-0.097557,-0.099098,0.175,0.59912
-0.94772,-1.6133,0.11499,-0.811,-0.097557,-0.099098,1.3861,-0.15212
-1.0934,-1.3713,-0.23115,1.1584,-0.097557,-0.099098,-0.51708,1.4443
-0.29222,-1.2099,2.1918,-0.59218,-0.097557,-0.099098,-3.4584,-0.24603
-0.29222,-1.2099,2.1918,-0.59218,-0.097557,-0.099098,-3.4584,-0.24603
0.50895,-0.56432,0.23037,0.28311,-0.097557,-0.099098,-2.2473,-1.5607
0.65462,0.081238,-0.23115,-1.0298,-0.097557,-0.099098,0.69406,0.3174
0.80029,0.24263,1.038,-0.66512,-0.097557,-0.099098,-1.0361,0.035689
0.80029,-0.16085,0.69189,-0.51924,-0.097557,-0.099098,0.52104,0.3174
0.80029,-0.16085,0.69189,-0.51924,-0.097557,-0.099098,0.52104,0.3174
-1.0206,0.48471,0.23037,-0.59218,-0.097557,-0.099098,-0.86312,-1.0912
1.6015,-1.0485,1.4995,0.86664,-0.097557,-0.099098,-1.7282,-1.279
1.6015,-1.0485,1.4995,0.86664,-0.097557,-0.099098,-1.7282,-1.279
-0.43789,-1.1292,1.6149,1.3772,-0.097557,-0.099098,0.52104,-1.5607
0.58179,-0.40293,0.57651,0.06429,-0.097557,-0.099098,-0.34406,-1.5607
0.94595,1.1303,-0.57729,-0.0086508,-0.097557,-0.099098,-1.2092,-0.52774
-0.51072,-1.3713,1.9611,-1.0298,-0.097557,-0.099098,-0.86312,-0.43384
-0.51072,-1.3713,1.9611,-1.0298,-0.097557,-0.099098,-1.2092,-0.43384
0.58179,-0.48362,-0.00038827,-0.0086508,-0.097557,-0.099098,0.34802,-0.52774
-0.87489,-0.56432,0.34575,-0.30041,-0.097557,-0.099098,-0.34406,-1.5607
-1.1662,-1.2906,1.7303,1.0125,-0.097557,-0.099098,-3.1124,-1.0912
-1.0934,-2.3396,5.7686,3.9302,-0.097557,-0.099098,-6.3998,-2.4997
0.43612,-1.2099,-0.34653,1.0855,-0.097557,-0.099098,0.0019817,-0.52774
0.43612,-1.2099,-0.34653,0.64782,-0.097557,-0.099098,0.34802,-0.52774
0.29045,-0.48362,0.57651,1.5961,-0.097557,-0.099098,-0.51708,-0.52774
-0.14655,-0.32223,0.92265,-0.73806,-0.097557,-0.099098,-0.86312,-0.52774
-0.14655,0.40402,-0.23115,-1.1757,-0.097557,-0.099098,0.86708,-0.52774
1.1645,0.80749,0.23037,-0.51924,-0.097557,-0.099098,3.2894,-0.52774
1.383,0.32332,0.57651,-0.22747,-0.097557,-0.099098,3.9815,-0.52774
1.6743,0.80749,-0.34653,-0.4463,-0.097557,-0.099098,3.8084,-0.52774
2.0385,2.5828,0.69189,-0.37335,-0.097557,-0.099098,3.2894,-0.52774
-0.58355,-0.080151,-0.11577,0.72076,-0.097557,-0.099098,1.2131,-0.15212
-0.43789,0.96888,0.34575,0.06429,-0.097557,-0.099098,-0.17104,-0.52774
0.43612,0.88818,0.23037,-0.51924,-0.097557,-0.099098,0.34802,0.41131
-0.29222,-1.3713,-0.57729,-0.30041,-0.097557,-0.099098,-1.5552,0.88083
0.14478,-0.56432,1.2688,-0.30041,-0.097557,-0.099098,-0.86312,-0.52774
0.14478,-0.56432,1.2688,-0.30041,-0.097557,-0.099098,-0.86312,-0.52774
-1.3119,-0.48362,0.46113,-0.37335,-0.097557,-0.099098,-1.7282,-0.80946
-1.3119,-0.48362,0.46113,-0.37335,-0.097557,-0.099098,-1.7282,-0.80946
-0.14655,-0.72571,0.23037,0.50193,-0.097557,-0.099098,0.175,-0.15212
-0.29222,-0.8871,0.46113,-0.30041,-0.097557,-0.099098,-0.34406,-0.24603
-0.29222,-0.8871,0.46113,-0.30041,-0.097557,-0.099098,-0.34406,-0.24603
-0.29222,0.32332,1.038,1.0855,-0.097557,-0.099098,0.52104,-0.62165
-0.29222,0.32332,1.038,1.0855,-0.097557,-0.099098,0.52104,-0.62165
-0.80205,1.211,0.80727,-0.51924,-0.097557,-0.099098,-1.2092,-0.24603
-0.87489,0.00054376,0.23037,1.3043,-0.097557,-0.099098,0.69406,-1.5607
-0.87489,0.00054376,0.23037,1.3043,-0.097557,-0.099098,0.69406,-1.5607
0.07195,0.16193,0.92265,-0.66512,-0.097557,-0.099098,-0.51708,0.035689
0.50895,-0.16085,0.46113,-0.30041,-0.097557,-0.099098,0.0019817,-1.5607
-0.00088342,0.00054376,1.3842,-0.22747,-0.097557,-0.099098,-2.5933,-1.5607
0.21762,0.56541,1.1534,0.72076,-0.097557,-0.099098,0.0019817,-0.52774
0.21762,0.56541,1.1534,0.72076,-0.097557,-0.099098,0.0019817,-0.52774
-0.94772,-1.6133,1.3842,1.2313,-0.097557,-0.099098,-1.0361,1.0686
0.72745,0.56541,0.23037,-0.88394,-0.097557,-0.099098,-0.6901,1.9138
-0.58355,-0.96779,0.23037,0.21017,-0.097557,-0.099098,-1.3822,-0.52774
-0.65639,-0.32223,0.92265,-1.3216,-0.097557,-0.099098,0.175,0.035689
-0.073717,-0.8064,0.92265,-0.22747,-0.097557,-0.099098,-0.51708,-0.058216
-0.94772,-1.0485,0.11499,0.86664,-0.097557,-0.099098,-1.0361,-0.52774
0.50895,0.00054376,-1.1542,-1.3216,-0.097557,-0.099098,-0.51708,-0.52774
0.07195,-0.8064,-0.00038827,0.13723,-0.097557,-0.099098,-0.34406,-0.058216
-1.1662,-2.0168,0.57651,0.13723,-0.097557,-0.099098,0.175,2.0077
1.9656,2.9055,-0.69267,0.06429,-0.097557,-0.099098,-0.34406,-0.52774
0.65462,0.32332,0.34575,-0.88394,-0.097557,-0.099098,-0.34406,-0.52774
-0.00088342,-0.16085,-0.23115,-0.22747,-0.097557,-0.099098,0.52104,3.7919
-0.80205,4.0353,-1.3849,1.0855,-0.097557,-0.099098,0.0019817,-0.058216
0.14478,0.32332,-0.34653,1.669,-0.097557,-0.099098,0.69406,-0.52774
-0.29222,-0.080151,0.57651,-0.59218,-0.097557,-0.099098,1.0401,-0.52774
0.43612,1.211,-0.11577,2.1796,-0.097557,-0.099098,-0.17104,-0.52774
0.21762,0.081238,0.57651,2.2525,-0.097557,-0.099098,-0.6901,-0.52774
0.29045,1.1303,-1.1542,2.1796,-0.097557,-0.099098,0.175,-0.52774
-0.21938,0.6461,-0.34653,1.8878,-0.097557,-0.099098,0.69406,-0.52774
-0.29222,-0.64501,0.11499,-0.73806,-0.097557,-0.099098,1.0401,-0.52774
0.72745,0.081238,-0.11577,-0.59218,-0.097557,-0.099098,0.52104,0.97474
2.5483,1.2917,-0.11577,-0.59218,-0.097557,-0.099098,0.175,-0.52774
0.36328,0.16193,-0.69267,-0.4463,-0.097557,-0.099098,1.0401,-0.52774
-0.073717,-0.96779,0.69189,-1.2486,-0.097557,-0.099098,-0.6901,-0.52774
0.36328,0.40402,0.23037,-0.95688,-0.097557,-0.099098,0.52104,-0.24603
-0.29222,-0.48362,0.92265,-0.66512,-0.097557,-0.099098,0.86708,-0.52774
-1.1662,-0.32223,0.23037,-0.51924,-0.097557,-0.099098,0.52104,-0.15212
0.58179,0.48471,-0.46191,-0.88394,-0.097557,-0.099098,0.175,-0.52774
-0.29222,-0.24154,-0.69267,-0.59218,10.243,-0.099098,-0.6901,-0.52774
-0.43789,1.6951,-0.00038827,-0.37335,-0.097557,-0.099098,0.69406,-0.058216
-0.65639,-0.080151,-0.34653,-1.2486,-0.097557,-0.099098,-0.17104,-0.52774
-0.43789,0.081238,0.34575,0.28311,-0.097557,-0.099098,0.52104,-0.52774
0.29045,0.081238,0.69189,-0.811,-0.097557,-0.099098,0.69406,0.3174
0.07195,0.081238,-2.0772,0.06429,-0.097557,-0.099098,0.69406,-0.52774
-0.29222,-0.96779,0.11499,-0.4463,-0.097557,-0.099098,0.175,-0.52774
0.36328,1.7758,-1.7311,-0.0086508,-0.097557,-0.099098,-0.17104,-0.52774
0.29045,-0.48362,-1.7311,-0.51924,-0.097557,-0.099098,0.175,-0.058216
-0.80205,1.6951,-1.3849,-0.88394,-0.097557,-0.099098,0.0019817,-0.52774
-0.94772,-0.64501,-0.46191,-0.811,-0.097557,-0.099098,0.175,0.3174
0.65462,0.40402,0.80727,-0.59218,-0.097557,-0.099098,0.175,-0.52774
-0.14655,0.081238,-0.00038827,-0.15453,-0.097557,-0.099098,0.69406,0.97474
-0.80205,-1.6133,1.4995,-0.4463,-0.097557,-0.099098,-1.2092,1.8199
-0.21938,0.16193,0.46113,-0.081592,-0.097557,-0.099098,0.69406,0.12959
1.9656,2.5828,-1.1542,0.72076,-0.097557,-0.099098,-2.0743,-0.52774
0.14478,0.40402,-1.2696,-1.2486,10.243,-0.099098,0.86708,-0.24603
-0.58355,-1.7747,-1.9618,-0.22747,-0.097557,-0.099098,-1.9012,-0.15212
-0.21938,-1.0485,-0.46191,0.13723,-0.097557,-0.099098,0.34802,6.7029
-0.14655,0.00054376,-0.34653,0.21017,-0.097557,-0.099098,-0.6901,-0.058216
-1.4576,-1.3713,0.57651,-1.0298,-0.097557,-0.099098,0.52104,0.97474
-0.073717,-0.080151,0.23037,-0.59218,-0.097557,-0.099098,0.175,-0.24603
0.29045,0.72679,0.80727,0.57487,-0.097557,-0.099098,-0.17104,-0.52774
0.43612,0.72679,-0.57729,-0.811,-0.097557,-0.099098,0.69406,-0.52774
-0.21938,0.48471,0.34575,1.3043,-0.097557,-0.099098,0.52104,-0.52774
1.4558,0.56541,-1.8465,-0.51924,-0.097557,-0.099098,0.52104,-0.058216
-0.21938,-0.48362,0.34575,-0.59218,-0.097557,-0.099098,-0.51708,0.12959
-0.72922,-0.080151,0.34575,-0.22747,-0.097557,-0.099098,-1.0361,-0.15212
-0.36505,1.211,0.11499,-0.66512,-0.097557,-0.099098,-0.17104,-0.52774
-0.58355,-0.64501,0.57651,0.35605,-0.097557,-0.099098,-1.2092,-0.52774
-0.36505,-0.72571,0.34575,1.669,-0.097557,-0.099098,-0.17104,0.3174
-0.58355,-1.7747,-0.11577,-0.30041,-0.097557,-0.099098,0.86708,0.59912
-0.21938,0.00054376,-0.34653,-0.30041,-0.097557,-0.099098,0.52104,1.6321
-1.2391,-0.64501,0.57651,-0.22747,-0.097557,-0.099098,0.34802,1.4443
0.43612,0.40402,0.80727,-0.811,-0.097557,-0.099098,0.69406,-0.24603
-0.94772,-0.24154,-0.11577,-1.0298,-0.097557,-0.099098,-0.51708,0.3174
-0.87489,-0.64501,-2.1926,0.64782,-0.097557,-0.099098,0.34802,-0.52774
-0.29222,0.48471,0.69189,-0.081592,-0.097557,-0.099098,-1.2092,-0.52774
-0.21938,0.40402,0.80727,-0.66512,-0.097557,-0.099098,0.34802,3.6041
-0.94772,0.40402,0.23037,-0.95688,-0.097557,-0.099098,-1.3822,4.9187
-0.29222,-0.16085,-1.3849,-0.30041,-0.097557,-0.099098,-1.9012,1.6321
2.1841,1.5337,0.34575,0.50193,-0.097557,-0.099098,0.175,-0.52774
-2.2587,-2.7431,2.0764,0.72076,-0.097557,-0.099098,-0.17104,-0.62165
1.0188,-1.5327,0.34575,-0.811,-0.097557,-0.099098,0.52104,0.3174
-0.72922,-0.56432,-1.6157,0.50193,-0.097557,-0.099098,0.175,-0.52774
-0.72922,2.0179,-0.69267,-1.0298,-0.097557,-0.099098,-0.17104,-0.52774
-0.14655,0.40402,0.92265,-0.59218,-0.097557,-0.099098,-2.0743,3.8858
0.50895,0.081238,-1.8465,-0.95688,-0.097557,-0.099098,0.52104,-0.058216
-1.9674,-1.0485,-2.0772,-0.95688,-0.097557,-0.099098,0.52104,-0.52774
0.29045,0.00054376,0.11499,-0.0086508,-0.097557,-0.099098,0.34802,-0.52774
0.72745,1.1303,0.69189,0.72076,-0.097557,-0.099098,-0.6901,-0.058216
-1.6761,-0.72571,-3.0003,-0.4463,-0.097557,-0.099098,-0.17104,-0.52774
-1.8217,-1.2099,-3.231,-0.59218,-0.097557,-0.099098,-0.6901,-0.52774
-1.2391,-0.24154,0.57651,-0.15453,-0.097557,-0.099098,-0.86312,3.698
-0.94772,-0.8064,-1.3849,-0.59218,-0.097557,-0.099098,0.175,-0.52774
-0.51072,-0.24154,-0.34653,-0.59218,-0.097557,-0.099098,-0.51708,-0.52774
0.36328,-0.8064,1.3842,-0.30041,-0.097557,-0.099098,-2.2473,0.035689
-1.2391,-0.32223,1.1534,-0.59218,-0.097557,-0.099098,0.175,-0.15212
0.07195,0.00054376,0.46113,-1.1028,-0.097557,-0.099098,1.7322,-0.52774
0.29045,0.80749,0.80727,-0.66512,-0.097557,-0.099098,-1.0361,-0.52774
0.36328,0.56541,0.11499,-1.3945,-0.097557,-0.099098,0.86708,-0.52774
0.29045,-0.24154,0.92265,1.0125,-0.097557,-0.099098,-0.6901,-0.058216
-1.0206,-1.452,0.57651,0.06429,-0.097557,-0.099098,-0.51708,1.4443
-0.29222,-0.72571,-0.57729,-0.22747,-0.097557,-0.099098,-0.34406,-0.52774
-0.72922,-0.8871,1.1534,-0.22747,-0.097557,-0.099098,0.34802,0.3174
0.14478,-0.24154,0.92265,-0.59218,-0.097557,-0.099098,-2.7663,-1.5607
0.14478,-0.24154,0.92265,-0.59218,-0.097557,-0.099098,-2.7663,-1.5607
-0.00088342,-0.40293,0.11499,-0.51924,-0.097557,-0.099098,0.52104,-0.24603
0.50895,0.40402,0.11499,-0.59218,-0.097557,-0.099098,0.175,1.4443
-0.43789,-0.56432,-0.46191,0.13723,-0.097557,-0.099098,-0.86312,0.12959
-0.29222,0.00054376,-0.00038827,0.13723,-0.097557,-0.099098,0.0019817,0.88083
1.1645,1.211,0.46113,1.0125,-0.097557,-0.099098,0.175,-0.52774
-0.87489,0.6461,-0.46191,-0.37335,-0.097557,-0.099098,0.34802,-0.52774
-1.3119,1.453,0.11499,-0.73806,-0.097557,10.868,0.86708,-0.52774
0.14478,-0.40293,-0.57729,-0.95688,-0.097557,-0.099098,-0.34406,-0.52774
-0.94772,-1.694,-0.57729,-0.811,-0.097557,-0.099098,-0.17104,-0.52774
-0.94772,-0.16085,1.9611,0.7937,-0.097557,-0.099098,1.0401,3.2285
-0.43789,0.72679,0.46113,-0.59218,-0.097557,-0.099098,-0.17104,-0.52774
-0.14655,1.211,-1.6157,-0.15453,-0.097557,-0.099098,0.69406,0.3174
0.65462,-0.080151,-0.57729,-0.30041,-0.097557,-0.099098,-0.86312,0.3174
1.6743,0.16193,1.038,-0.081592,-0.097557,-0.099098,0.175,-0.52774
-0.00088342,-0.56432,-0.00038827,-0.66512,-0.097557,-0.099098,-0.6901,1.8199
-0.073717,0.80749,0.46113,0.64782,-0.097557,-0.099098,0.52104,1.726
0.14478,-1.5327,0.69189,-0.73806,-0.097557,-0.099098,0.86708,-0.52774
-0.073717,0.80749,-0.92343,-0.59218,-0.097557,-0.099098,1.3861,0.035689
0.72745,0.96888,0.46113,-1.1028,-0.097557,-0.099098,0.175,-0.52774
0.36328,-0.24154,0.34575,-0.4463,-0.097557,-0.099098,-1.7282,-0.52774
-0.21938,-1.452,0.11499,-0.15453,-0.097557,-0.099098,0.69406,-0.058216
0.21762,-2.0168,1.038,0.06429,-0.097557,-0.099098,-0.86312,-0.15212
-1.3847,0.00054376,0.46113,0.42899,-0.097557,-0.099098,0.52104,0.3174
-1.8217,-1.3713,-0.23115,-0.59218,-0.097557,-0.099098,-1.3822,0.50521
0.36328,-0.32223,-0.34653,-0.811,-0.097557,-0.099098,-0.51708,-0.52774
0.80029,0.00054376,1.2688,-0.37335,-0.097557,-0.099098,0.86708,2.4772
-0.00088342,0.16193,0.11499,-0.30041,-0.097557,-0.099098,-0.6901,0.88083
0.87312,-1.3713,-0.11577,-0.15453,-0.097557,-0.099098,0.175,1.3504
0.43612,0.16193,-0.46191,-0.66512,-0.097557,-0.099098,-0.17104,4.2614
0.14478,0.48471,0.57651,-0.73806,-0.097557,-0.099098,0.52104,1.0686
0.07195,-0.16085,0.11499,-0.51924,-0.097557,-0.099098,0.175,-0.058216
0.07195,-0.16085,0.11499,-0.0086508,-0.097557,-0.099098,0.175,-0.058216
0.72745,-0.32223,0.11499,-1.1757,-0.097557,-0.099098,-0.34406,0.3174
0.72745,-0.32223,0.11499,-1.1757,-0.097557,-0.099098,-0.34406,0.3174
-0.43789,-0.8871,1.4995,-1.1028,-0.097557,-0.099098,-0.17104,-0.15212
0.07195,0.00054376,-0.11577,1.3772,-0.097557,-0.099098,-0.34406,-0.52774
-0.36505,-0.40293,0.11499,0.28311,-0.097557,-0.099098,-0.34406,1.5382
-0.87489,-0.64501,-0.34653,-1.0298,-0.097557,-0.099098,-0.51708,2.3833
-2.2587,1.2917,1.1534,-0.88394,-0.097557,-0.099098,-5.1886,-0.24603
-0.65639,-0.64501,-3.1156,-0.73806,-0.097557,-0.099098,-1.7282,-0.52774
-1.8217,-0.64501,-3.3464,-0.88394,-0.097557,-0.099098,-1.5552,-0.52774
-0.073717,-1.5327,-0.80805,-0.15453,-0.097557,-0.099098,0.69406,-0.52774
-0.29222,-0.72571,-0.80805,-0.59218,-0.097557,-0.099098,0.69406,-0.52774
2.4026,2.5021,-0.57729,0.86664,-0.097557,-0.099098,-1.7282,-0.15212
-0.87489,0.081238,0.69189,-0.37335,-0.097557,-0.099098,-0.34406,0.3174
-1.3119,-1.1292,-2.5387,0.86664,-0.097557,-0.099098,0.0019817,1.1625
-0.72922,1.211,-1.3849,-0.66512,-0.097557,-0.099098,1.2131,-0.52774
-1.0206,-1.0485,1.4995,-0.081592,-0.097557,-0.099098,-3.4584,-0.52774
-0.073717,0.40402,-1.0388,-0.51924,-0.097557,-0.099098,-0.34406,0.3174
-1.4576,-0.40293,0.57651,-0.51924,-0.097557,-0.099098,0.52104,1.1625
-0.43789,-0.8064,0.34575,-0.51924,-0.097557,-0.099098,-0.34406,-0.058216
-0.36505,0.56541,0.23037,-0.37335,-0.097557,-0.099098,0.69406,0.97474
-0.29222,0.88818,-1.3849,0.64782,-0.097557,-0.099098,-0.17104,-0.52774
0.36328,-0.72571,1.9611,2.5443,-0.097557,-0.099098,-0.17104,-1.279
-1.6032,-2.5817,2.538,-0.0086508,-0.097557,-0.099098,-0.17104,-0.24603
-1.0206,0.00054376,-1.2696,-0.22747,-0.097557,-0.099098,0.0019817,-0.52774
-0.14655,0.32332,0.69189,0.21017,-0.097557,-0.099098,0.175,1.4443
-1.2391,-1.0485,-0.11577,-0.30041,-0.097557,-0.099098,0.86708,-0.52774
0.58179,-0.56432,-2.0772,-1.1028,-0.097557,-0.099098,-0.17104,-0.52774
0.58179,1.1303,-0.92343,0.28311,-0.097557,-0.099098,0.69406,-0.52774
1.7471,2.5828,-0.46191,-0.15453,-0.097557,-0.099098,-0.34406,-0.52774
1.82,2.0986,0.92265,-0.30041,-0.097557,-0.099098,-0.17104,-0.52774
-0.80205,-0.8871,1.7303,-0.73806,-0.097557,-0.099098,-0.86312,-0.52774
0.07195,0.72679,0.57651,-0.37335,-0.097557,-0.099098,0.34802,-0.52774
-0.65639,-1.2099,1.1534,-0.30041,-0.097557,-0.099098,1.0401,4.8248
-0.51072,-1.7747,-1.0388,0.42899,-0.097557,-0.099098,0.34802,-0.52774
-0.65639,-0.080151,0.57651,-0.95688,-0.097557,-0.099098,0.86708,-0.52774
-1.9674,-1.694,-0.46191,-1.9051,-0.097557,-0.099098,-1.2092,0.3174
-1.8217,-0.16085,-0.57729,0.42899,-0.097557,-0.099098,-1.7282,-0.52774
-0.87489,-1.2906,0.57651,1.3043,-0.097557,-0.099098,-0.34406,-0.15212
0.80029,0.32332,0.46113,0.86664,-0.097557,-0.099098,0.69406,0.12959
-0.14655,-2.6624,-1.5003,0.50193,-0.097557,-0.099098,-1.0361,0.78693
-0.21938,-0.24154,-0.00038827,-0.51924,-0.097557,-0.099098,0.175,-0.15212
0.36328,-0.96779,0.23037,-0.73806,-0.097557,-0.099098,-0.17104,3.4163
2.0385,1.8565,-2.6541,0.13723,-0.097557,-0.099098,1.0401,-0.52774
-1.3847,0.081238,-1.3849,-0.59218,-0.097557,-0.099098,-0.6901,0.3174
0.94595,1.1303,-0.11577,-0.4463,-0.097557,-0.099098,0.34802,-0.24603
-1.3847,-0.8064,-2.1926,-0.66512,-0.097557,-0.099098,0.34802,-0.52774
-0.43789,1.211,-0.11577,-0.73806,-0.097557,-0.099098,-0.34406,0.3174
-0.14655,-0.48362,-0.46191,0.7937,-0.097557,-0.099098,-0.6901,0.78693
-0.00088342,-0.080151,-0.46191,-0.30041,-0.097557,-0.099098,0.52104,-0.24603
-0.00088342,-0.40293,0.23037,-0.59218,-0.097557,-0.099098,0.34802,-0.52774
0.65462,0.081238,-0.34653,-0.37335,-0.097557,-0.099098,-0.51708,-0.52774
-0.80205,-0.24154,-0.11577,-0.4463,-0.097557,-0.099098,0.52104,-0.15212
-0.073717,-0.16085,0.23037,-0.15453,-0.097557,-0.099098,0.0019817,-0.52774
0.50895,-1.2099,-0.00038827,1.2313,-0.097557,-0.099098,0.52104,-0.52774
0.80029,0.16193,-0.00038827,1.3043,-0.097557,-0.099098,0.52104,-0.52774
-0.36505,-0.8064,0.69189,-0.811,-0.097557,-0.099098,0.34802,-0.52774
0.94595,-0.56432,-0.23115,-1.1028,-0.097557,-0.099098,0.175,-0.52774
0.14478,-0.40293,0.34575,0.57487,-0.097557,-0.099098,0.34802,1.5382
0.29045,-0.16085,0.57651,0.50193,-0.097557,-0.099098,0.86708,1.1625
0.36328,2.3407,-0.57729,-0.081592,-0.097557,-0.099098,0.175,-0.52774
0.58179,0.081238,1.4995,-0.4463,-0.097557,-0.099098,0.0019817,1.3504
0.94595,0.6461,0.80727,-1.1757,-0.097557,-0.099098,0.34802,0.50521
0.29045,1.3724,0.69189,-0.811,-0.097557,-0.099098,1.2131,0.50521
-0.65639,0.72679,1.7303,-0.88394,-0.097557,-0.099098,-0.17104,0.50521
-0.21938,-0.96779,-0.00038827,-0.811,-0.097557,-0.099098,-0.17104,1.8199
-1.2391,-2.6624,0.23037,-0.95688,-0.097557,-0.099098,0.175,4.4492
-0.58355,0.00054376,1.038,-0.66512,-0.097557,-0.099098,0.175,-0.52774
0.29045,0.40402,0.57651,1.0125,-0.097557,-0.099098,0.52104,-0.52774
-1.3847,-1.5327,0.80727,-0.811,-0.097557,-0.099098,0.0019817,-0.52774
-1.2391,-1.1292,1.3842,-0.0086508,-0.097557,-0.099098,0.86708,-0.52774
-0.87489,-0.64501,-0.00038827,-0.51924,-0.097557,-0.099098,-1.0361,-0.52774
-0.21938,0.48471,0.92265,-0.51924,-0.097557,-0.099098,-1.0361,3.4163
-1.3119,-1.452,0.23037,-0.59218,-0.097557,-0.099098,-0.34406,0.59912
-1.6032,-1.8554,-0.00038827,-0.88394,-0.097557,-0.099098,0.0019817,0.035689
-0.43789,0.40402,0.11499,-0.73806,-0.097557,-0.099098,1.7322,-0.52774
1.9656,1.6144,-0.69267,0.21017,-0.097557,-0.099098,1.0401,-0.52774
2.1113,2.3407,-0.92343,-0.0086508,-0.097557,-0.099098,1.7322,-0.52774
2.1841,2.6635,-0.80805,-0.15453,-0.097557,-0.099098,0.69406,-0.52774
0.36328,1.5337,0.11499,-1.0298,-0.097557,-0.099098,0.175,-0.52774
-0.65639,-0.64501,0.34575,-0.66512,-0.097557,-0.099098,-0.34406,2.8528
-0.36505,-1.1292,-0.00038827,-0.51924,-0.097557,-0.099098,0.52104,3.9797
0.21762,0.081238,0.46113,-0.37335,-0.097557,-0.099098,-0.86312,-0.52774
-0.073717,0.00054376,-0.92343,1.2313,-0.097557,-0.099098,0.0019817,0.78693
-1.8217,-1.9361,0.34575,-0.66512,-0.097557,-0.099098,-0.86312,-0.52774
-0.073717,-0.32223,0.46113,-0.59218,-0.097557,-0.099098,-2.5933,-0.52774
-0.58355,-1.0485,0.46113,-0.66512,-0.097557,-0.099098,0.175,-0.52774
-0.58355,-0.40293,2.8841,-0.37335,-0.097557,-0.099098,-0.34406,-0.52774
0.94595,0.32332,0.34575,0.06429,-0.097557,-0.099098,-0.17104,-0.52774
0.29045,-0.56432,-0.23115,0.06429,-0.097557,-0.099098,-1.0361,1.2564
-0.72922,-0.48362,-0.00038827,-0.95688,-0.097557,-0.099098,0.34802,1.0686
0.36328,-0.8871,-1.2696,1.5231,-0.097557,-0.099098,0.0019817,5.2005
0.65462,-0.16085,-1.0388,1.9608,-0.097557,-0.099098,-0.34406,2.665
-0.073717,-0.96779,-0.11577,-0.811,-0.097557,-0.099098,0.52104,-0.24603
0.21762,-0.40293,0.23037,0.21017,-0.097557,-0.099098,0.86708,0.97474
0.50895,-1.1292,0.11499,-0.081592,-0.097557,-0.099098,0.69406,-0.24603
-0.36505,2.0986,0.11499,-0.081592,-0.097557,-0.099098,1.5592,-0.52774
-0.14655,-0.48362,0.11499,-0.15453,-0.097557,-0.099098,-0.17104,-0.52774
0.65462,1.1303,-0.69267,-0.0086508,-0.097557,-0.099098,0.0019817,-0.52774
2.1113,0.48471,0.34575,-0.51924,-0.097557,-0.099098,-0.51708,0.69302
-0.00088342,0.00054376,-0.23115,0.57487,-0.097557,-0.099098,0.34802,-0.058216
2.1113,0.96888,-1.7311,0.64782,-0.097557,-0.099098,1.7322,0.035689
0.65462,-0.32223,0.80727,-0.66512,-0.097557,-0.099098,0.34802,-0.52774
0.21762,-0.64501,0.34575,-0.51924,-0.097557,-0.099098,-0.51708,-0.52774
0.65462,-0.32223,0.57651,-0.66512,-0.097557,-0.099098,0.34802,-0.24603
0.80029,1.8565,-0.00038827,2.3255,-0.097557,-0.099098,0.0019817,-0.52774
-0.00088342,-0.56432,0.69189,-0.66512,-0.097557,-0.099098,-2.5933,-0.52774
1.1645,0.32332,0.34575,-0.66512,-0.097557,-0.099098,0.69406,-0.52774
0.14478,0.081238,-0.23115,-1.0298,-0.097557,-0.099098,0.69406,0.3174
0.43612,-0.32223,0.11499,-0.081592,-0.097557,-0.099098,0.69406,-0.52774
-0.21938,-0.32223,-0.11577,0.06429,-0.097557,-0.099098,1.5592,-0.52774
-0.00088342,-0.32223,-0.11577,0.06429,-0.097557,-0.099098,1.7322,-0.52774
-0.00088342,-0.48362,0.80727,0.13723,-0.097557,-0.099098,1.2131,-0.52774
-0.29222,-0.24154,1.3842,0.28311,-0.097557,-0.099098,-2.0743,-0.52774
0.65462,1.6144,-0.46191,-0.51924,-0.097557,-0.099098,0.69406,1.5382
-2.2587,-0.72571,0.57651,-0.95688,-0.097557,-0.099098,0.34802,-0.24603
-1.6761,-0.56432,-0.00038827,-0.95688,-0.097557,-0.099098,0.69406,0.3174
-0.58355,-0.32223,-0.69267,-0.66512,-0.097557,-0.099098,0.175,1.3504
-0.073717,-1.1292,-0.34653,0.13723,-0.097557,-0.099098,1.0401,2.4772
-0.58355,0.081238,-1.9618,-0.73806,-0.097557,-0.099098,0.69406,-0.52774
-1.1662,-0.64501,-0.23115,-0.51924,-0.097557,-0.099098,-0.6901,0.3174
0.72745,0.56541,1.4995,-0.30041,-0.097557,-0.099098,0.0019817,2.0077
0.21762,-0.48362,0.46113,1.8878,-0.097557,-0.099098,-0.17104,0.97474
-0.14655,-0.8871,0.69189,-0.22747,-0.097557,-0.099098,1.7322,-0.52774
0.43612,-0.080151,-0.34653,-0.95688,-0.097557,-0.099098,0.34802,-0.52774
-0.21938,0.72679,0.69189,-1.2486,-0.097557,-0.099098,0.0019817,-0.52774
0.29045,-1.2099,0.57651,-0.51924,-0.097557,-0.099098,-3.4584,-0.52774
0.36328,-0.080151,1.1534,-0.59218,-0.097557,-0.099098,0.175,-0.52774
0.36328,-0.48362,-0.00038827,-1.2486,-0.097557,-0.099098,0.86708,-0.52774
0.07195,-0.080151,-0.23115,2.1066,-0.097557,-0.099098,0.34802,2.8528
-1.0206,0.081238,0.11499,-0.66512,-0.097557,-0.099098,0.34802,-0.52774
1.3101,1.453,-1.7311,-0.73806,-0.097557,-0.099098,2.0782,-0.52774
-0.43789,-1.2099,0.57651,-0.88394,-0.097557,-0.099098,0.34802,-0.52774
0.72745,-1.0485,0.23037,-0.811,-0.097557,-0.099098,0.86708,-0.15212
1.0188,0.88818,0.69189,-0.811,-0.097557,-0.099098,0.69406,-0.52774
0.50895,0.32332,-2.0772,-0.811,-0.097557,-0.099098,0.34802,-0.24603
-0.72922,-1.1292,-2.0772,-0.73806,-0.097557,-0.099098,0.175,-0.058216
-0.00088342,0.40402,0.23037,-0.73806,-0.097557,-0.099098,0.175,0.3174
1.0916,1.0496,-0.34653,-0.30041,-0.097557,-0.099098,0.34802,-0.058216
-0.65639,-0.16085,0.11499,-0.4463,-0.097557,-0.099098,0.175,-0.52774
-1.8217,-0.8064,0.46113,-0.73806,-0.097557,-0.099098,-1.2092,-0.52774
0.94595,0.48471,0.23037,-0.37335,-0.097557,-0.099098,0.0019817,-0.52774
0.43612,1.453,-0.92343,0.72076,-0.097557,-0.099098,-0.17104,-0.52774
0.50895,-0.24154,-0.23115,-0.66512,-0.097557,-0.099098,0.34802,-0.15212
-0.29222,0.16193,0.11499,-0.95688,-0.097557,-0.099098,-0.51708,-0.52774
-0.00088342,-0.8064,0.80727,-0.66512,-0.097557,-0.099098,1.5592,-0.52774
2.0385,1.6951,-1.7311,-0.081592,-0.097557,-0.099098,-0.17104,-0.52774
1.0188,0.48471,0.23037,-0.66512,-0.097557,-0.099098,0.69406,1.8199
3.6408,2.4214,-2.4234,0.72076,-0.097557,-0.099098,0.34802,-0.52774
0.07195,-0.8871,0.69189,2.1066,-0.097557,-0.099098,-0.6901,3.4163
1.383,1.2917,-1.6157,-1.2486,-0.097557,-0.099098,1.0401,-0.52774
-0.073717,0.24263,-1.6157,-0.811,-0.097557,-0.099098,0.34802,-0.058216
-0.80205,1.0496,-1.0388,0.06429,-0.097557,-0.099098,-0.17104,-0.52774
-0.36505,0.081238,-0.80805,-0.30041,-0.097557,-0.099098,1.2131,-0.52774
-0.073717,-0.080151,-1.1542,-0.4463,-0.097557,-0.099098,-0.34406,-0.15212
0.50895,0.24263,1.1534,0.13723,-0.097557,-0.099098,0.34802,1.6321
-0.00088342,-0.24154,0.69189,0.35605,-0.097557,-0.099098,1.0401,-0.15212
1.5286,2.3407,-1.0388,0.86664,-0.097557,-0.099098,0.69406,-0.52774
-0.21938,-0.72571,-0.46191,-0.59218,-0.097557,-0.099098,0.52104,-0.52774
-0.36505,-0.8871,-0.46191,0.21017,-0.097557,-0.099098,-1.3822,-0.52774
-1.7489,-1.6133,-1.5003,-0.811,-0.097557,-0.099098,0.52104,-0.24603
-1.6032,-0.72571,-0.46191,-0.59218,-0.097557,-0.099098,-0.51708,1.0686
-1.8946,-2.0168,0.80727,0.13723,-0.097557,-0.099098,0.175,-1.5607
-0.29222,0.88818,0.57651,0.21017,-0.097557,-0.099098,-0.17104,-0.52774
0.29045,-0.48362,-1.3849,-0.30041,-0.097557,-0.099098,0.69406,0.2235
-2.0402,0.24263,-1.6157,-0.30041,-0.097557,-0.099098,0.69406,0.3174
-1.8217,-0.72571,-0.34653,-0.88394,-0.097557,-0.099098,1.0401,3.7919
-0.72922,-0.48362,-0.34653,-0.081592,-0.097557,-0.099098,0.69406,2.665
-0.29222,0.72679,-1.3849,-1.0298,-0.097557,-0.099098,0.0019817,-0.52774
2.1841,2.5828,-1.1542,0.35605,-0.097557,-0.099098,1.2131,-0.24603
-0.72922,-0.8064,-0.80805,-0.51924,-0.097557,10.868,-0.34406,-0.52774
0.50895,0.16193,-0.46191,-0.4463,-0.097557,10.868,0.34802,1.2564
-0.51072,0.80749,-1.1542,-1.0298,-0.097557,-0.099098,-0.17104,0.12959
1.0916,0.96888,-2.7695,0.50193,-0.097557,-0.099098,0.86708,-0.52774
1.9656,1.6144,-1.5003,-1.0298,-0.097557,-0.099098,-0.17104,-0.15212
-0.21938,0.88818,-2.0772,0.06429,-0.097557,-0.099098,0.0019817,0.2235
1.5286,0.081238,-0.11577,-0.22747,-0.097557,-0.099098,-3.4584,0.41131
0.65462,-0.16085,-0.11577,1.669,-0.097557,-0.099098,-2.4203,0.41131
-1.4576,1.453,-1.0388,-0.66512,-0.097557,-0.099098,0.175,-0.52774
1.7471,1.8565,-2.0772,-0.4463,-0.097557,-0.099098,0.86708,-0.52774
0.36328,-1.2099,-1.6157,0.21017,-0.097557,-0.099098,0.175,-0.52774
1.2373,0.88818,-1.2696,-0.15453,-0.097557,-0.099098,0.175,-0.52774
1.383,0.56541,-1.2696,-0.51924,-0.097557,-0.099098,-0.34406,1.0686
-0.21938,-0.72571,0.34575,0.06429,-0.097557,-0.099098,-0.51708,-0.24603
-0.80205,0.48471,-1.8465,-0.59218,-0.097557,-0.099098,-0.17104,-0.52774
0.07195,-0.96779,-0.92343,-0.37335,-0.097557,-0.099098,-0.6901,0.59912
-1.3119,-0.40293,-1.2696,-0.88394,-0.097557,-0.099098,-0.86312,-0.52774
1.82,1.8565,-1.7311,0.50193,-0.097557,-0.099098,-0.17104,0.035689
0.29045,0.32332,0.69189,-0.59218,-0.097557,-0.099098,-0.6901,0.12959
1.5286,1.1303,-0.92343,0.13723,-0.097557,-0.099098,-1.2092,-0.52774
-1.6032,-0.16085,-1.6157,-0.73806,-0.097557,-0.099098,0.52104,-0.52774
0.58179,-0.48362,-0.57729,0.42899,-0.097557,-0.099098,0.34802,0.88083
0.14478,1.211,-1.6157,-0.0086508,-0.097557,-0.099098,-1.0361,-0.52774
1.0188,-0.48362,0.69189,-0.811,-0.097557,-0.099098,1.0401,-0.52774
-0.14655,0.6461,-0.34653,-0.66512,-0.097557,-0.099098,0.52104,4.3553
-0.87489,-1.0485,-1.6157,-0.88394,-0.097557,-0.099098,0.69406,-0.52774
-0.72922,-0.8064,-0.69267,0.7937,-0.097557,-0.099098,0.52104,-0.24603
-0.87489,0.48471,-1.3849,-0.73806,-0.097557,-0.099098,0.52104,-0.52774
2.1841,2.3407,-0.80805,-0.081592,-0.097557,-0.099098,0.34802,-0.52774
2.4026,3.5511,-2.0772,-0.37335,-0.097557,-0.099098,0.175,-0.52774
0.80029,2.0986,-2.308,-0.73806,-0.097557,-0.099098,-0.86312,1.2564
-1.2391,-0.96779,-0.34653,-0.88394,-0.097557,-0.099098,0.175,1.8199
-0.87489,1.3724,-1.9618,-0.66512,-0.097557,-0.099098,0.175,-0.52774
-0.80205,-1.3713,-1.9618,-0.22747,-0.097557,-0.099098,-0.51708,-0.52774
-0.00088342,1.0496,-0.57729,-0.95688,-0.097557,-0.099098,-0.86312,0.41131
-2.1859,0.80749,-0.00038827,0.21017,-0.097557,-0.099098,0.175,-0.52774
-1.5304,-1.9361,-0.80805,-0.66512,-0.097557,-0.099098,0.86708,0.2235
0.07195,-0.32223,-1.0388,0.72076,-0.097557,-0.099098,-0.17104,-0.52774
3.0581,1.2917,0.23037,-0.22747,-0.097557,-0.099098,0.52104,-0.52774
-0.073717,0.48471,-1.5003,-0.4463,-0.097557,-0.099098,0.52104,-0.52774
2.6211,2.26,-1.8465,-0.811,-0.097557,-0.099098,0.52104,-0.52774
-0.87489,-0.48362,0.80727,-0.88394,-0.097557,-0.099098,0.52104,2.2894
1.6015,1.8565,-1.0388,0.13723,-0.097557,-0.099098,-1.0361,-0.52774
2.1841,1.8565,-0.34653,-0.51924,-0.097557,-0.099098,-0.17104,-0.52774
-0.073717,0.40402,-1.7311,-0.22747,-0.097557,-0.099098,1.2131,-0.52774
0.94595,1.6951,-0.69267,1.9608,-0.097557,-0.099098,0.34802,-0.52774
0.72745,1.453,-2.308,0.06429,-0.097557,-0.099098,0.86708,-0.52774
-0.72922,-0.56432,-0.11577,-0.66512,-0.097557,-0.099098,0.175,0.78693
2.3298,1.0496,-0.34653,-0.59218,-0.097557,-0.099098,0.0019817,-0.52774
1.9656,1.453,-1.7311,-0.51924,-0.097557,-0.099098,0.52104,1.4443
0.14478,-0.32223,-1.8465,-0.4463,-0.097557,-0.099098,0.175,-0.24603
-0.21938,0.00054376,1.1534,2.6902,-0.097557,-0.099098,-2.0743,-1.0912
-1.1662,-2.0975,0.11499,-0.811,-0.097557,-0.099098,0.69406,1.1625
0.58179,1.3724,-0.11577,-0.73806,-0.097557,-0.099098,-0.51708,0.035689
2.5483,2.8249,-2.308,0.35605,-0.097557,-0.099098,0.86708,1.3504
-1.0206,-0.16085,1.2688,-0.0086508,-0.097557,-0.099098,0.0019817,-1.0912
-1.4576,-1.0485,-1.1542,1.3772,-0.097557,-0.099098,-0.34406,1.2564
-0.87489,-0.8064,-1.2696,-0.51924,-0.097557,-0.099098,-0.6901,3.2285
1.9656,1.9372,-1.5003,0.21017,-0.097557,-0.099098,-0.86312,-0.52774
-0.00088342,0.88818,-0.69267,-0.4463,-0.097557,-0.099098,-0.17104,-0.52774
-0.65639,-0.40293,-0.46191,-0.22747,-0.097557,-0.099098,0.0019817,3.9797
1.7471,2.0179,-0.57729,1.3043,-0.097557,-0.099098,0.34802,-0.52774
0.14478,0.24263,0.92265,3.1278,-0.097557,-0.099098,0.0019817,-0.52774
-0.65639,-0.24154,-0.00038827,-0.88394,-0.097557,-0.099098,0.52104,0.88083
-1.8217,-0.8064,0.23037,-0.811,-0.097557,-0.099098,1.0401,0.035689
0.58179,0.48471,-1.3849,0.93958,-0.097557,-0.099098,0.69406,2.7589
-1.3119,-1.694,-2.4234,-1.3216,-0.097557,-0.099098,0.34802,-0.52774
-0.87489,-0.16085,0.80727,0.28311,-0.097557,-0.099098,-1.5552,-1.5607
-0.80205,0.6461,-0.34653,-0.59218,-0.097557,-0.099098,-0.34406,-0.52774
0.94595,0.56541,-0.00038827,1.5961,-0.097557,-0.099098,0.175,-0.52774
0.07195,-0.40293,1.3842,-0.081592,-0.097557,-0.099098,1.5592,-0.52774
0.65462,1.3724,0.46113,-0.51924,-0.097557,-0.099098,-0.34406,3.0406
0.72745,0.88818,0.46113,-1.1028,-0.097557,-0.099098,-0.6901,-0.52774
1.5286,0.00054376,-0.00038827,-0.59218,-0.097557,-0.099098,-0.6901,-0.52774
0.80029,-0.16085,0.46113,-0.081592,-0.097557,-0.099098,0.0019817,-0.52774
-0.87489,-1.452,1.6149,1.0855,-0.097557,-0.099098,-1.0361,-1.5607
-0.87489,-0.8064,1.8457,0.64782,-0.097557,-0.099098,-1.2092,-1.5607
-0.21938,-0.56432,1.2688,1.0125,-0.097557,-0.099098,-0.34406,1.8199
1.2373,0.56541,-1.6157,-0.51924,-0.097557,-0.099098,1.0401,-0.52774
-0.51072,-0.8064,1.1534,-0.73806,-0.097557,-0.099098,0.52104,1.0686
1.0916,0.32332,0.46113,-0.95688,-0.097557,-0.099098,0.52104,-0.52774
0.36328,0.00054376,1.8457,0.72076,-0.097557,-0.099098,-0.17104,-0.52774
-0.21938,-0.8871,-0.00038827,-1.1028,-0.097557,-0.099098,-0.17104,1.1625
0.80029,0.80749,0.57651,-0.37335,-0.097557,-0.099098,0.0019817,-0.24603
-1.2391,0.40402,0.11499,1.2313,-0.097557,-0.099098,0.175,-0.52774
1.6015,0.88818,-0.57729,0.28311,-0.097557,-0.099098,0.69406,-0.24603
-0.65639,0.24263,-0.57729,-0.88394,-0.097557,-0.099098,0.34802,3.6041
2.257,2.8249,-0.34653,0.7937,-0.097557,-0.099098,1.0401,-0.52774
0.58179,0.081238,-0.11577,0.06429,-0.097557,-0.099098,1.2131,0.12959
0.94595,0.56541,1.038,1.0125,-0.097557,-0.099098,-2.0743,-0.52774
-0.14655,-0.40293,0.57651,1.7419,-0.097557,-0.099098,0.52104,-0.52774
0.80029,1.7758,-1.2696,0.50193,-0.097557,-0.099098,1.3861,-0.52774
-1.4576,0.48471,0.57651,-0.59218,-0.097557,-0.099098,0.0019817,-0.52774
1.0916,1.211,0.23037,-0.73806,-0.097557,-0.099098,1.7322,-0.52774
-0.72922,-0.48362,-0.11577,1.5231,-0.097557,-0.099098,-0.17104,-0.058216
-0.80205,0.6461,-0.00038827,-0.0086508,-0.097557,-0.099098,0.69406,2.9467
0.65462,-0.16085,-0.00038827,-0.88394,-0.097557,-0.099098,-0.86312,-0.24603
-0.36505,-0.56432,0.11499,-0.15453,-0.097557,-0.099098,0.69406,0.50521
-0.58355,-0.56432,0.69189,-1.1757,-0.097557,-0.099098,-0.17104,-0.52774
-1.0934,-0.40293,-0.80805,-1.1028,-0.097557,-0.099098,1.0401,-0.52774
-0.87489,-1.0485,0.69189,-0.37335,-0.097557,-0.099098,-0.17104,-0.52774
0.80029,1.7758,-2.1926,0.50193,-0.097557,-0.099098,1.0401,-0.52774
0.94595,0.48471,-0.57729,2.3255,-0.097557,-0.099098,0.175,-0.52774
0.14478,0.48471,0.46113,1.9608,-0.097557,-0.099098,-0.86312,-0.52774
0.58179,0.6461,0.92265,1.669,-0.097557,-0.099098,-0.17104,-0.15212
1.6015,0.96888,-1.8465,0.21017,-0.097557,-0.099098,1.0401,0.035689
0.50895,0.56541,-0.69267,0.7937,-0.097557,-0.099098,0.34802,-0.24603
-0.94772,0.24263,1.1534,-0.51924,-0.097557,6.5075,-1.3822,-0.52774
-0.80205,-1.7747,-0.46191,-1.0298,-0.097557,-0.099098,-1.5552,-0.52774
-0.29222,-0.56432,-0.11577,3.8572,-0.097557,-0.099098,-0.17104,3.3224
0.43612,0.16193,0.57651,-0.51924,-0.097557,-0.099098,0.69406,-0.52774
3.0581,0.88818,-1.1542,-0.30041,-0.097557,-0.099098,0.69406,-0.52774
0.58179,0.80749,0.11499,-0.15453,-0.097557,-0.099098,0.52104,-0.52774
-0.80205,-0.48362,-2.5387,-1.0298,-0.097557,-0.099098,-0.6901,-0.058216
-0.29222,-0.16085,-0.69267,-0.37335,-0.097557,-0.099098,0.86708,-0.52774
0.43612,0.72679,0.34575,-0.73806,-0.097557,-0.099098,-4.4965,1.3504
-0.43789,0.081238,-1.5003,-0.811,-0.097557,-0.099098,0.175,-0.52774
0.43612,0.32332,1.038,-0.88394,-0.097557,-0.099098,0.34802,-0.058216
-2.4044,-0.96779,-0.57729,-1.2486,-0.097557,-0.099098,0.69406,-0.058216
2.9853,1.5337,0.80727,1.3772,-0.097557,-0.099098,1.0401,-0.52774
0.21762,0.24263,0.34575,-0.66512,-0.097557,-0.099098,-0.17104,0.88083
2.5483,2.8249,-2.308,0.35605,-0.097557,-0.099098,0.86708,1.3504
0.80029,0.32332,-0.11577,-0.73806,-0.097557,-0.099098,0.69406,1.3504
1.1645,0.96888,0.23037,-0.66512,-0.097557,-0.099098,-0.17104,-0.52774
0.21762,0.48471,-0.11577,1.4502,-0.097557,-0.099098,0.34802,-0.52774
-0.00088342,-0.32223,0.23037,-0.73806,-0.097557,-0.099098,0.34802,-0.15212
0.58179,0.40402,0.23037,-0.30041,-0.097557,-0.099098,-1.0361,-0.52774
0.65462,0.56541,-0.46191,-0.88394,-0.097557,-0.099098,0.34802,-0.52774
-1.0934,0.24263,-1.7311,0.50193,-0.097557,-0.099098,0.0019817,0.41131
0.50895,-0.080151,-0.23115,-0.73806,-0.097557,-0.099098,0.175,-0.52774
1.8928,1.9372,0.69189,0.57487,-0.097557,-0.099098,0.175,0.2235
0.14478,0.96888,0.46113,-0.51924,-0.097557,-0.099098,0.0019817,-0.52774
-0.29222,-0.8064,-1.3849,-0.59218,-0.097557,-0.099098,-0.17104,-0.52774
0.14478,-0.080151,0.80727,2.2525,-0.097557,-0.099098,0.175,-0.52774
-0.65639,-0.72571,0.11499,-0.51924,-0.097557,-0.099098,1.2131,-0.52774
-1.7489,-0.96779,0.23037,0.72076,-0.097557,-0.099098,-0.34406,2.665
0.58179,-0.080151,-0.00038827,1.0855,-0.097557,-0.099098,1.2131,-0.52774
-0.073717,-0.48362,-0.57729,-0.30041,-0.097557,-0.099098,0.175,-0.52774
-1.1662,0.32332,0.46113,-0.95688,-0.097557,-0.099098,0.34802,-0.52774
0.14478,0.00054376,1.038,0.35605,-0.097557,-0.099098,0.0019817,-0.52774
-0.65639,0.16193,0.34575,1.0855,-0.097557,-0.099098,-1.9012,0.50521
0.80029,-0.32223,0.11499,0.7937,-0.097557,-0.099098,0.175,-0.52774
0.14478,-0.96779,1.3842,-1.0298,-0.097557,-0.099098,-1.5552,0.035689
0.07195,0.48471,1.3842,-0.15453,-0.097557,-0.099098,0.34802,2.1955
-0.29222,-0.48362,0.34575,0.35605,-0.097557,-0.099098,-0.34406,-0.52774
0.58179,0.56541,0.46113,3.1278,-0.097557,-0.099098,0.69406,-0.52774
-0.65639,-0.24154,0.92265,2.6172,-0.097557,-0.099098,0.0019817,-0.52774
-1.2391,-0.32223,0.34575,0.21017,-0.097557,-0.099098,0.0019817,2.5711
-0.21938,0.00054376,0.57651,-0.51924,-0.097557,-0.099098,2.0782,-0.52774
0.80029,-0.32223,-0.69267,1.5231,-0.097557,-0.099098,0.0019817,0.88083
1.2373,-0.32223,0.92265,0.28311,-0.097557,-0.099098,1.2131,-0.058216
-0.36505,0.24263,-0.34653,1.2313,-0.097557,-0.099098,0.0019817,-0.058216
0.50895,-0.080151,-0.00038827,-0.4463,-0.097557,-0.099098,0.175,0.035689
-0.00088342,-0.64501,0.80727,1.669,-0.097557,-0.099098,-0.34406,-0.058216
-0.21938,0.88818,-0.00038827,-0.22747,-0.097557,-0.099098,-0.17104,-0.52774
1.383,1.6144,-0.00038827,0.28311,-0.097557,-0.099098,0.69406,-0.52774
-0.14655,-0.72571,0.46113,0.93958,-0.097557,-0.099098,0.175,-0.52774
-1.3119,-0.16085,-0.11577,-0.66512,-0.097557,-0.099098,-0.51708,-0.52774
0.65462,-0.32223,-0.23115,1.4502,-0.097557,-0.099098,-0.17104,-0.52774
0.72745,0.72679,-0.34653,1.5231,-0.097557,-0.099098,0.52104,-0.52774
0.07195,0.40402,0.69189,-0.59218,-0.097557,-0.099098,0.0019817,0.97474
-0.80205,-0.48362,0.46113,-0.15453,-0.097557,-0.099098,0.175,2.0077
-0.36505,0.32332,-0.11577,0.21017,-0.097557,-0.099098,-0.17104,-0.24603
-0.073717,1.3724,-0.00038827,0.13723,-0.097557,-0.099098,-1.2092,-0.52774
-0.36505,-0.56432,-0.00038827,-0.081592,-0.097557,-0.099098,-0.51708,-0.52774
0.80029,-0.96779,0.80727,0.72076,-0.097557,-0.099098,-1.0361,-0.62165
-1.0934,-0.72571,0.34575,0.06429,-0.097557,-0.099098,-0.51708,0.12959
-0.14655,-0.40293,1.4995,-0.51924,-0.097557,-0.099098,1.3861,-0.52774
-0.72922,-1.6133,0.80727,-0.95688,-0.097557,-0.099098,-0.6901,-0.52774
-0.43789,0.48471,0.23037,-0.59218,-0.097557,-0.099098,0.0019817,-1.5607
0.94595,1.1303,-0.57729,-0.0086508,-0.097557,-0.099098,-1.2092,-0.52774
-0.72922,-0.40293,1.2688,0.21017,-0.097557,-0.099098,-1.0361,-0.52774
-0.72922,-0.40293,1.2688,0.21017,-0.097557,-0.099098,-1.0361,-0.52774
-0.51072,-2.2589,3.3456,3.8572,-0.097557,-0.099098,-4.8426,-2.5936
-1.0934,-2.3396,5.7686,3.9302,-0.097557,-0.099098,-6.3998,-2.4997
-1.0934,-0.8871,0.69189,-0.4463,-0.097557,-0.099098,-0.17104,1.2564
-0.21938,0.48471,-0.46191,1.7419,-0.097557,-0.099098,0.175,-0.52774
-0.80205,1.211,0.80727,-0.51924,-0.097557,-0.099098,-1.0361,-0.24603
-0.65639,-0.080151,1.7303,0.13723,-0.097557,-0.099098,1.5592,2.7589
0.43612,-0.64501,0.23037,-0.88394,-0.097557,-0.099098,0.175,-0.52774
-0.87489,-0.8064,0.34575,-1.0298,-0.097557,-0.099098,0.86708,-0.52774
0.43612,-0.080151,-2.0772,-0.30041,-0.097557,-0.099098,0.0019817,-0.52774
1.4558,2.26,0.34575,-0.15453,-0.097557,-0.099098,-0.34406,-0.52774
2.5483,1.5337,-1.8465,0.35605,-0.097557,-0.099098,1.2131,0.2235
0.21762,-0.080151,-0.34653,-0.37335,-0.097557,-0.099098,0.52104,-0.52774
-1.3119,0.80749,-0.23115,-0.95688,-0.097557,-0.099098,0.52104,-0.52774
0.14478,1.211,-1.6157,0.7937,-0.097557,-0.099098,0.34802,0.59912
-0.21938,0.48471,0.11499,-0.4463,-0.097557,-0.099098,0.34802,2.9467
-0.80205,-0.40293,0.11499,0.21017,-0.097557,-0.099098,0.69406,-0.52774
1.1645,-0.56432,0.80727,2.4713,-0.097557,-0.099098,-5.3617,0.50521
-0.36505,0.56541,-1.3849,0.13723,-0.097557,-0.099098,0.52104,0.3174
1.9656,1.8565,-0.11577,1.4502,-0.097557,-0.099098,-2.0743,-0.52774
-1.6761,-0.32223,0.23037,-0.66512,-0.097557,-0.099098,-0.17104,1.5382
-0.073717,-0.16085,0.11499,-0.37335,-0.097557,-0.099098,0.52104,-0.52774
0.21762,-0.16085,0.11499,-0.59218,-0.097557,-0.099098,0.175,-0.058216
1.7471,2.5828,-0.46191,-0.15453,-0.097557,-0.099098,0.0019817,0.3174
0.58179,-1.0485,0.92265,-0.73806,-0.097557,-0.099098,0.175,-0.52774
0.87312,-0.64501,-0.34653,-0.73806,-0.097557,-0.099098,0.34802,-0.52774
0.94595,-0.56432,-0.23115,-1.1028,-0.097557,-0.099098,0.175,-0.52774
-0.65639,-0.32223,0.80727,-0.081592,-0.097557,-0.099098,1.2131,0.97474
-0.72922,0.48471,0.34575,-0.811,-0.097557,-0.099098,-0.17104,-0.52774
0.50895,-1.694,1.4995,-0.30041,-0.097557,-0.099098,-0.17104,-0.058216
-0.43789,-0.080151,-0.11577,0.06429,-0.097557,-0.099098,0.34802,-0.52774
-0.80205,-0.40293,2.8841,-0.66512,-0.097557,-0.099098,0.175,-0.52774
-1.2391,-0.32223,0.34575,-1.0298,-0.097557,-0.099098,0.0019817,-0.058216
-0.51072,-0.16085,-1.6157,-0.0086508,-0.097557,-0.099098,0.34802,-0.52774
-0.00088342,-0.24154,-0.57729,-0.88394,-0.097557,-0.099098,0.52104,0.41131
-0.14655,0.6461,0.92265,-1.0298,-0.097557,-0.099098,-0.17104,-0.52774
-0.14655,-0.080151,-0.11577,-0.0086508,-0.097557,-0.099098,-1.9012,-0.058216
2.7668,2.0179,-1.0388,0.72076,-0.097557,-0.099098,-1.2092,-0.52774
-1.2391,-0.080151,-0.46191,-0.30041,-0.097557,-0.099098,0.52104,0.50521
0.65462,0.48471,-0.00038827,1.5961,-0.097557,-0.099098,-0.6901,-0.52774
-1.3119,-1.6133,0.80727,0.86664,-0.097557,-0.099098,0.0019817,-0.24603
-0.51072,-0.72571,-1.5003,-0.59218,-0.097557,-0.099098,0.69406,0.3174
-1.0934,-1.452,-2.1926,-0.73806,-0.097557,-0.099098,1.0401,-0.52774
0.94595,1.211,-0.92343,-0.59218,-0.097557,-0.099098,0.69406,-0.058216
0.07195,0.72679,-0.46191,-0.95688,-0.097557,-0.099098,-0.34406,-0.52774
-1.0934,-1.694,-0.46191,-0.88394,-0.097557,-0.099098,0.69406,3.6041
-0.87489,-0.24154,-0.34653,-0.59218,-0.097557,-0.099098,-1.0361,-0.15212
