-2.0258,-1.2286,1.4258,-0.64907,-1.0456,-1.2049,-0.19635,-1.6981,-1.8332,-1.9546,-2.0822,-2.2525,-2.4692,-2.7028,-2.981,-3.0918,-2.9853,-2.7365,-2.5284,-2.4207,-2.281,-2.1761,-2.1062,-2.0557,-2.0786,-2.0051,-1.9737,-2.0853,-2.1812,-2.2518,-2.3243,-2.4189,-2.3416,-2.2854,-2.2969,-2.321,-2.2809,-2.0405,-1.5746,-1.1144,-0.73383,-0.2526,0.1245,0.32364,0.38001,0.28735,0.28601,0.27088,0.17323,-0.0037262,-0.24999,-2.2105,-2.4008,-2.4788,-2.4975,-1.8529,-0.68775,0.1076,0.60526,1.1118,1.4339,1.7647,2.1673,2.7104,3.1248,3.6017,3.8585,4.0567,4.1779,4.2494,4.2248,4.3428,4.2419,4.4019,4.5679,4.6787,4.6824,4.7349,4.6586,4.7946,4.7787,4.8263,4.8496,4.7854,4.8865,4.7556,4.7218,4.6824,4.8087,4.8345,4.7574,4.684,4.6846,4.5577,4.5145,4.4495,4.3524,4.0162,3.687,3.6811
-1.8488,1.5379,0.25076,-1.0437,-1.0219,-0.8924,-0.94186,0.79897,0.75736,0.65889,0.60384,0.53671,0.55419,0.44337,0.38358,0.16167,0.067031,0.0075498,-0.061839,-0.18058,-0.12165,-0.15673,-0.17492,-0.21623,-0.27477,-0.31391,-0.2704,-0.36387,-0.29902,-0.23251,-0.36998,-0.4528,-0.47538,-0.48981,-0.38806,-0.42235,-0.31264,-0.35176,-0.18874,0.15918,0.55198,0.28318,0.42136,0.61056,0.58373,0.58625,0.87518,0.90257,0.81558,0.62846,0.61261,-0.5101,-0.37388,-0.39834,-0.37021,-0.044501,0.34724,0.52601,0.60655,0.55222,0.37663,0.099423,0.049237,0.089101,-0.036141,-0.16971,-0.34865,-0.3848,-0.36244,-0.47947,-0.48528,-0.51176,-0.54364,-0.56447,-0.58783,-0.60331,-0.54509,-0.54782,-0.45537,-0.43803,-0.44449,-0.43046,-0.36314,-0.40167,-0.40734,-0.34933,-0.39467,-0.40779,-0.40976,-0.43461,-0.45275,-0.46904,-0.46549,-0.4745,-0.50876,-0.46073,-0.44865,-0.48055,-0.48446,-0.45874
-1.6222,1.297,-0.13971,-0.45951,-0.55554,-0.38955,-0.41972,-0.48956,-0.70923,-0.66719,-0.54641,-0.51043,-0.43252,-0.1317,0.24736,0.64104,1.13,1.6419,1.7948,1.9729,2.0578,1.8661,1.759,1.6648,1.5924,1.4923,1.2801,1.1393,1.0822,1.0405,0.86306,0.74346,0.58733,0.07351,0.0030054,-0.42302,-0.60728,-1.4659,-1.3799,-2.0712,-1.4941,-1.2047,-1.7473,-1.6771,-1.1835,-0.91091,-1.2022,-1.211,-1.0973,-1.1017,-0.97481,0.63992,0.8153,0.48298,-0.26196,-0.91495,-1.5075,-1.7938,-1.4655,-1.4003,-1.3129,-1.3603,-1.2832,-1.1571,-1.1968,-0.95812,-0.8794,-0.95767,-0.67621,-0.77471,-0.63667,-0.66671,-0.63855,-0.46114,-0.40136,-0.66592,-0.3471,-0.43015,-0.42944,-0.24464,-0.46101,-0.48434,-0.31638,-0.33394,-0.34082,-0.41393,-0.37893,-0.39941,-0.34107,-0.37853,-0.46039,-0.34967,-0.39857,-0.37695,-0.44271,-0.43208,-0.52033,-0.49949,-0.37328,-0.33487
-1.5584,-1.1379,-0.29879,0.55036,0.56697,0.45705,0.45981,-0.566,-0.52336,-0.41917,-0.17246,0.095164,0.21691,0.34692,0.47407,0.85839,1.0732,0.65824,0.70716,0.5944,0.41144,0.40921,0.54747,0.56586,0.67701,0.41508,0.3345,0.67923,0.7303,0.79722,0.52806,0.7581,0.54001,0.48808,0.35113,-0.28669,-0.39044,-0.80775,-1.1149,-1.4174,-1.4111,-0.96543,-0.67862,-0.99581,-0.79103,-0.88458,-1.0927,-0.96972,-0.90288,-0.75714,-0.91154,0.68131,0.63746,0.39875,0.3591,-0.49859,-1.0565,-1.1376,-1.3371,-0.85579,-0.86981,-0.80695,-0.64316,-0.51986,-0.55769,-0.58249,-0.38843,-0.30902,-0.18826,-0.1827,-0.22241,-0.19506,-0.05616,-0.18113,-0.29558,-0.042614,0.14348,0.04532,0.022398,0.2044,0.14461,0.028127,0.17137,-0.10501,-0.10721,-0.10924,-0.084905,-0.15702,-0.14486,-0.12961,-0.13295,-0.38904,-0.18713,-0.13833,-0.046879,-0.25536,-0.31677,-0.068566,-0.0014658,-0.091363
-1.4552,-0.4259,19.907,-1.2161,-1.4559,-1.3015,-1.4305,1.7809,1.5164,1.3504,1.378,1.3194,1.3026,1.4618,1.459,1.3587,1.0998,1.0631,0.9131,0.64531,0.5064,0.36973,0.38242,0.2988,0.16739,0.025505,-0.044301,-0.070379,0.040398,-0.69645,-1.2227,-1.2566,-1.3618,-1.6121,-1.805,-1.8137,-1.931,-2.2036,-2.0204,-1.836,-1.6168,-1.4964,-1.3775,-1.0902,-1.1534,-0.94426,-0.77471,-0.75322,-0.74396,-0.69566,-0.7386,-1.0469,-1.4152,-1.6724,-1.962,-2.117,-1.3716,-0.88317,-0.63349,-0.60661,-0.56328,-0.58894,-0.63352,-0.6467,-0.70822,-0.69574,-0.7272,-0.76814,-0.78246,-0.80277,-0.80875,-0.83999,-0.86292,-0.85172,-0.8601,-0.85053,-0.83732,-0.78384,-0.78116,-0.74666,-0.73997,-0.73382,-0.69686,-0.681,-0.65687,-0.64563,-0.63941,-0.61551,-0.59605,-0.59216,-0.58466,-0.57967,-0.57053,-0.56344,-0.55535,-0.55469,-0.55606,-0.54594,-0.55031,-0.56864
-1.3734,-1.555,1.8416,-1.3419,-1.3118,-1.2646,-1.2825,0.72293,0.65305,0.61588,0.53625,0.47182,0.41619,0.36841,0.30626,0.16225,0.10804,0.10406,0.11467,0.17788,0.24607,0.29006,0.25897,0.25034,0.17683,0.18958,0.083534,0.048309,-0.024843,-0.082102,-0.22476,-0.31619,-0.3634,-0.41753,-0.45485,-0.65151,-0.75495,-0.87366,-0.80917,-0.7196,-0.62942,-0.60231,-0.57268,-0.46483,-0.32319,-0.29136,-0.12857,-0.14756,-0.178,-0.20986,-0.27545,0.091878,-0.067082,-0.36689,-0.66674,-0.949,-0.70191,-0.45268,-0.30731,-0.39703,-0.46988,-0.47316,-0.49985,-0.4844,-0.47732,-0.44456,-0.39548,-0.40528,-0.37379,-0.34208,-0.33468,-0.31014,-0.31602,-0.29858,-0.29277,-0.25629,-0.25446,-0.2408,-0.23922,-0.20404,-0.21126,-0.19197,-0.17334,-0.18392,-0.20124,-0.2353,-0.26193,-0.25947,-0.26205,-0.28971,-0.29396,-0.30192,-0.31521,-0.29659,-0.29968,-0.30907,-0.32233,-0.32372,-0.3287,-0.34273
-1.3357,-1.2152,-0.23853,0.22638,0.2448,-0.020229,-0.11538,-1.1011,-1.3873,-1.3059,-1.3913,-1.5741,-1.5824,-1.5403,-1.3952,-0.97686,-0.5874,-0.1221,0.26568,0.78804,0.86997,0.74756,0.93798,0.85931,0.87226,0.95164,0.89758,0.80553,0.89253,1.0405,0.77248,1.0821,1.1427,1.4017,1.2192,1.3386,1.7077,1.3167,1.1797,1.141,0.77318,0.6504,0.84065,0.579,0.3379,0.64173,0.43759,0.39694,0.7509,0.54773,0.93201,0.84146,1.0068,1.0931,1.3225,1.1248,0.95263,0.67162,0.68599,0.25273,0.28342,0.39238,0.30895,0.066552,0.074329,0.16132,-0.073021,0.014724,0.14027,0.11182,0.044464,0.0041739,0.20818,0.0866,0.098038,0.10679,0.20711,0.18888,0.013464,0.1288,0.21773,0.030625,-0.045975,0.098019,0.018734,-0.018262,0.095224,0.15905,-0.21236,-0.068626,0.051832,-0.18599,-0.0097729,0.029882,-0.11417,-0.20494,-0.052122,-0.17515,-0.034961,0.0080472
-1.2986,0.68242,3.3179,-1.3591,-1.4237,-1.2901,-1.3579,2.3808,2.3241,2.2655,2.2715,2.3646,2.3532,2.2712,2.1249,1.9708,1.4518,0.91846,0.63525,0.34376,0.08307,-0.028417,-0.086225,-0.19742,-0.35031,-0.44268,-0.58426,-0.73917,-0.83069,-0.93212,-1.0158,-1.1194,-1.2362,-1.4986,-1.6889,-1.9062,-1.8683,-1.9867,-1.8726,-1.717,-1.4884,-1.3769,-1.2826,-1.2242,-1.2501,-1.1209,-0.99683,-0.95572,-0.99745,-1.0592,-1.0126,-0.45101,-0.80975,-1.219,-1.8433,-2.2335,-1.7262,-1.4411,-1.1421,-1.1482,-1.048,-1.0482,-1.0815,-1.1168,-1.1523,-1.1352,-1.1777,-1.2935,-1.2822,-1.3485,-1.3655,-1.3947,-1.3855,-1.3441,-1.3648,-1.3439,-1.2983,-1.2711,-1.2101,-1.1841,-1.1683,-1.1632,-1.1609,-1.1131,-1.097,-1.0629,-1.0004,-0.96914,-0.9475,-0.92326,-0.89384,-0.87879,-0.85203,-0.80846,-0.80197,-0.79696,-0.79939,-0.76482,-0.74709,-0.787
-1.2702,-1.2095,-0.37411,1.5999,1.4301,1.6929,1.8419,0.27278,0.57671,0.60049,0.65459,0.79907,0.55472,0.4507,-0.3528,-1.4401,-2.1579,-2.8627,-2.7964,-2.5045,-2.7265,-2.7055,-2.7685,-2.5736,-2.7186,-2.8991,-2.9782,-2.8113,-3.2193,-3.0497,-3.2048,-2.5753,-2.5011,-2.6493,-2.6751,-1.0602,-0.046715,0.17683,1.3037,1.8385,2.5287,3.3122,3.1412,2.7377,2.4569,2.8343,2.9873,2.8536,2.9821,3.2596,2.0939,-2.545,-2.7398,-2.5876,-1.3316,0.23816,2.1817,3.2313,2.6317,2.3888,2.6433,3.0776,2.8049,2.6624,2.6869,2.9234,2.5764,2.2657,2.1482,1.6565,1.7042,1.6256,1.7745,2.0014,1.0101,1.308,1.5936,1.3526,1.9728,1.1324,0.86264,1.2348,1.4447,1.4042,1.5849,1.758,1.4606,1.7107,1.4426,1.0985,1.6461,1.1391,1.4905,1.5888,1.3745,1.4459,0.90681,1.5191,1.3749,1.3283
-1.168,-1.1836,0.81718,-1.2247,-1.2508,-1.1254,-1.1848,2.1411,2.1053,2.3729,2.3995,2.5635,2.5858,2.4489,2.3143,2.0364,1.6422,1.2192,0.78569,0.44861,0.19805,0.10687,0.049189,-0.071976,-0.27225,-0.41059,-0.53196,-0.66754,-0.8156,-0.90719,-1.0794,-1.2879,-1.4947,-1.5016,-1.6322,-1.9714,-2.1131,-2.0833,-1.9322,-1.8876,-1.6978,-1.4641,-1.4482,-1.4835,-1.2382,-1.1785,-1.2718,-1.2388,-1.2273,-1.3758,-1.5579,-0.90447,-1.1992,-1.5346,-1.7651,-1.9354,-1.6971,-1.3469,-1.1508,-1.2023,-1.0811,-1.0311,-1.1309,-1.1615,-1.1679,-1.1499,-1.1597,-1.3615,-1.3077,-1.3227,-1.3344,-1.417,-1.4018,-1.3745,-1.3663,-1.338,-1.3306,-1.3177,-1.2144,-1.1987,-1.2006,-1.1635,-1.1545,-1.0901,-1.0853,-1.0569,-1.0199,-1.0181,-0.94732,-0.90346,-0.86268,-0.90585,-0.87296,-0.83802,-0.80954,-0.77667,-0.81805,-0.77323,-0.76906,-0.83363
-1.1229,0.58724,0.068178,-1.0834,-1.01,-0.82706,-0.87206,2.0208,1.8384,1.8592,1.8275,1.8382,1.891,1.76,1.7183,1.5488,1.1792,0.79391,0.59018,0.3334,0.19435,0.13616,-0.044802,-0.024632,-0.12643,-0.2401,-0.34787,-0.34895,-0.56264,-0.61917,-0.72823,-0.80919,-0.98348,-1.1886,-1.3734,-1.3129,-1.4489,-1.5304,-1.5827,-1.2515,-0.9075,-1.0013,-1.1876,-0.75981,-0.87277,-1.0809,-0.88385,-0.76073,-1.0729,-0.77542,-0.65877,-0.34428,-0.53972,-0.93925,-1.2254,-1.605,-1.496,-1.0334,-0.94348,-1.0308,-0.91487,-0.9906,-0.94762,-0.91859,-1.0365,-1.0442,-0.96031,-1.0613,-1.1573,-1.1233,-1.2614,-1.3053,-1.1713,-1.2094,-1.2673,-1.2358,-1.1657,-1.1972,-1.1133,-1.0623,-1.0303,-1.0944,-1.1312,-0.96768,-1.0004,-0.93547,-0.89236,-0.80322,-0.87697,-0.93161,-0.85231,-0.7917,-0.79029,-0.70342,-0.7104,-0.77246,-0.75616,-0.69394,-0.76415,-0.85709
-0.94348,-0.92824,0.094089,-0.67665,-0.7268,-0.98047,-0.93907,0.64936,0.75838,0.95945,1.1897,1.174,1.1734,1.1685,1.1184,0.90704,0.55878,0.29039,-0.020281,-0.1765,-0.19743,-0.38642,-0.38375,-0.377,-0.37385,-0.30074,-0.19674,0.14458,-0.050959,0.038715,0.16669,0.11109,0.4684,0.30813,0.26023,0.35486,0.51215,0.544,0.3868,0.48962,0.10362,-0.39352,-0.2342,-0.29616,-0.46844,-0.4815,-0.56798,-0.16721,-0.51151,-0.33349,-0.41355,0.20962,0.12938,0.23427,0.30739,0.24435,-0.075988,-0.20956,-0.33212,-0.46499,-0.50725,-0.40774,-0.48919,-0.46579,-0.52759,-0.5123,-0.62083,-0.70647,-0.66359,-0.75491,-0.82513,-0.82682,-0.91203,-0.85543,-0.86638,-0.91727,-0.8817,-0.88185,-0.76341,-0.83541,-0.82708,-0.7971,-0.80913,-0.77798,-0.7681,-0.72973,-0.79455,-0.7156,-0.67379,-0.68442,-0.66562,-0.61413,-0.63056,-0.58079,-0.60328,-0.60166,-0.59846,-0.63599,-0.63596,-0.59965
-0.89844,-0.61092,-0.021003,-0.36817,-0.27746,-0.75604,-0.75479,-0.9144,-0.86774,-0.9449,-0.91475,-0.85946,-0.74925,-0.52739,-0.37853,0.042767,0.4912,1.0208,0.94684,0.89111,0.9482,0.91101,1.0184,0.9147,0.93353,0.88512,0.89633,0.89486,0.87483,0.90011,0.84018,0.82071,0.97212,0.73031,0.40192,0.43128,0.25549,-0.20758,-0.35314,-0.53677,-0.71674,-0.8843,-0.87926,-1.066,-1.0906,-0.91529,-1.1064,-0.92305,-0.90198,-0.99994,-0.88366,1.0831,0.76531,0.5687,0.31536,-0.37213,-0.89028,-0.57701,-0.62128,-0.58093,-0.65872,-0.40921,-0.43895,-0.3518,-0.33432,-0.28103,-0.21118,-0.085144,0.035699,0.086598,0.068754,0.048077,0.29662,0.26606,0.16043,0.19138,0.14444,0.28745,0.18488,0.12887,0.10947,0.17987,0.083207,0.046592,0.064929,0.094554,0.074385,0.062181,0.0050257,-0.077992,0.020139,-0.013176,-0.035563,-0.067587,-0.087863,-0.053193,-0.042265,-0.17071,-0.1674,-0.17298
-0.87315,-0.7962,-0.29156,0.73131,0.65345,0.32068,0.35929,-0.99272,-1.0154,-0.87128,-0.83313,-0.50211,-0.25337,0.042824,0.269,0.64397,0.90246,0.97408,0.78515,0.61284,0.51995,0.64587,0.57075,0.64415,0.6901,0.71192,0.6345,0.89573,0.80602,0.96646,1.049,0.87066,1.0901,0.67588,0.35303,0.21285,-0.34309,-0.51269,-0.88483,-1.3658,-0.65743,-1.2906,-0.65434,-0.97954,-0.60879,-0.98243,-1.0826,-0.46601,-0.84456,-0.35152,-0.35876,1.0297,0.90722,0.81768,0.4743,-1.0506,-0.88489,-0.96945,-1.0388,-0.94149,-0.54957,-0.53977,-0.53181,-0.54617,-0.57903,-0.44351,-0.33102,-0.25233,0.20503,0.21115,-0.16592,-0.2551,0.10848,0.13966,0.24164,0.2823,0.41934,0.12506,0.23791,0.29864,0.18551,0.31275,0.08469,-0.055002,0.082185,0.125,-0.063111,-0.12548,0.058084,0.0025325,-0.033578,-0.13858,0.010593,-0.050511,-0.1373,-0.18062,-0.13924,0.050946,-0.018775,-0.17848
-0.86137,-1.0704,-0.34037,2.2254,2.0235,0.016703,0.65805,-0.79924,-0.80901,-0.86145,-1.1242,-1.6832,-1.9043,-2.5103,-3.2117,-3.6526,-3.8312,-3.7676,-3.775,-3.5508,-3.4501,-3.3078,-3.4133,-3.4764,-3.6366,-3.4884,-3.6219,-3.5357,-3.5668,-3.6133,-3.4735,-3.326,-3.3267,-3.3765,-3.5234,-3.2406,-3.0233,-3.2071,-2.7092,-1.511,-1.0465,-0.15737,0.8838,1.7982,3.3622,3.7055,2.6538,1.9533,0.8835,0.60135,-0.37231,-3.2372,-3.3836,-3.4013,-3.0836,-2.273,-0.021532,1.4507,1.8467,1.928,1.9751,1.9187,2.057,2.5235,2.922,3.0892,3.5233,3.7174,3.8266,3.7211,3.6724,3.7231,3.6317,3.8208,3.9149,4.0593,3.965,4.2728,4.6919,4.7114,4.7975,4.474,4.805,4.8575,4.9562,5.0415,5.2705,5.3219,5.5979,5.5978,5.7664,5.886,6.0288,5.8708,6.2671,6.5414,6.3331,6.4942,6.3699,6.2303
-0.64518,-0.74977,-0.31144,0.66582,0.49406,0.95138,1.0769,-0.92164,-0.90734,-0.77267,-0.79273,-0.63482,-0.4856,-0.37491,-0.036106,0.3391,0.3951,0.59145,0.43411,0.53353,0.26396,0.29884,0.46468,0.40114,0.44275,0.54632,0.53417,0.51951,0.24087,0.26761,0.34368,0.44882,0.29943,0.47777,0.65409,0.57013,-0.38768,0.071084,0.27056,0.23103,-1.0405,-1.2368,-0.73558,-0.57805,-0.70471,-0.73904,-0.6222,-0.65917,-1.0397,-0.69916,-0.58798,0.63431,0.70321,0.19178,-0.57513,0.13053,-0.60163,-0.77468,-0.51288,-0.59602,-0.43019,-0.14486,0.24492,-0.043284,0.032454,-0.11507,-0.050523,0.16187,0.33631,0.85531,0.49802,0.55152,0.30482,0.4102,0.52747,0.40582,0.64469,1.2037,0.40196,0.10684,0.66129,0.08574,0.24946,0.54987,0.033712,0.32281,0.21381,0.24256,0.17926,0.14703,0.50461,0.31943,0.23627,0.20175,0.12686,0.25658,0.14877,0.047318,0.031299,-0.0083787
-0.63686,-0.89404,-0.069812,-0.58531,-0.7268,-0.75035,-0.79946,0.19414,0.30978,0.42793,0.46413,0.50564,0.48614,0.50326,0.32122,0.010243,-0.12882,-0.28153,-0.40605,-0.55184,-0.57571,-0.46072,-0.53117,-0.49104,-0.42959,-0.46329,-0.44032,-0.24909,-0.16128,-0.18484,-0.06839,-0.087038,0.077597,0.20486,0.3551,0.59327,0.75253,0.69772,0.94494,1.0015,0.80059,0.70375,0.63885,0.56743,0.25191,0.42237,0.3413,0.25208,0.31907,0.42645,0.33522,-0.1361,-0.15097,0.14328,0.44576,1.0447,0.85233,0.46558,0.26384,0.30187,0.42301,0.36685,0.51172,0.43344,0.20467,0.15567,0.060748,0.028228,-0.10809,-0.22472,-0.27413,-0.15689,-0.27554,-0.28773,-0.50795,-0.45339,-0.45871,-0.36543,-0.39639,-0.46396,-0.46404,-0.32336,-0.41361,-0.38587,-0.25463,-0.29968,-0.36011,-0.32387,-0.2875,-0.20342,-0.26054,-0.26939,-0.24481,-0.16462,-0.1666,-0.17285,-0.23439,-0.15761,-0.12809,-0.14629
-0.62162,-0.75158,1.2089,-1.3315,-1.3338,-1.1992,-1.1792,0.11955,0.18323,0.31144,0.45368,0.46696,0.36798,0.10681,-0.37581,-1.1641,-1.8495,-2.1692,-2.2975,-2.3001,-2.2792,-2.2427,-2.2496,-2.2704,-2.3329,-2.3701,-2.4484,-2.4503,-2.5475,-2.5406,-2.6088,-2.6222,-2.6793,-2.5192,-2.191,-1.8818,-1.3962,-0.7966,-0.10138,0.22925,0.40039,1.2285,1.8184,1.8951,1.8648,1.8197,2.0429,2.1765,2.2287,2.3327,2.2365,-2.6848,-2.7666,-2.817,-2.4052,-0.64174,1.269,2.1453,2.5168,2.6849,2.6994,2.6606,2.7052,2.8148,2.7084,2.5393,2.3945,2.394,2.2567,2.1514,2.0314,1.999,1.8055,1.8429,1.8702,1.754,1.7295,1.6117,1.5799,1.6288,1.648,1.6568,1.6917,1.6913,1.6603,1.6872,1.6511,1.6374,1.6467,1.6113,1.5348,1.5372,1.5464,1.5568,1.5239,1.4943,1.5274,1.5077,1.5221,1.5975
-0.44077,1.5117,-0.1144,-0.57842,-0.48094,-0.7049,-0.60401,0.21371,0.1526,0.015678,-0.12442,-0.2487,-0.26416,-0.309,-0.3333,-0.28065,-0.065483,0.10985,0.22388,0.5026,0.62601,0.75081,0.72209,0.81273,0.76202,0.70742,0.58866,0.52929,0.50197,0.41464,0.2962,0.25532,0.14419,-0.040222,0.026564,0.11389,-0.2559,-0.31903,-0.30633,-0.4979,-0.33852,-0.61958,-0.45112,-0.50159,-0.34918,-0.019595,-0.19184,-0.23819,-0.15134,-0.27612,-0.28087,0.62194,0.50272,0.2364,-0.23388,-0.53395,-0.40682,-0.39201,-0.39176,-0.33932,-0.33585,-0.48381,-0.41956,-0.39386,-0.44778,-0.42188,-0.27864,-0.35798,-0.31804,-0.20532,-0.34549,-0.1763,-0.131,-0.084191,-0.2038,-0.14048,-0.20787,-0.19473,-0.20209,-0.20876,-0.23663,-0.19822,-0.19586,-0.30567,-0.23101,-0.27358,-0.37217,-0.28768,-0.30941,-0.29661,-0.30563,-0.3675,-0.35551,-0.30731,-0.34531,-0.36125,-0.35971,-0.32155,-0.42499,-0.2825
-0.40889,1.5793,-0.24215,-0.25443,-0.063808,-0.011706,-0.12375,1.0307,0.99447,1.0984,1.0155,1.0877,0.95791,1.0019,0.77071,0.72511,0.70936,0.50535,0.63584,0.28297,0.13699,0.34653,0.2541,-0.059744,-0.12577,-0.10322,-0.052624,-0.42319,-0.69083,-0.18989,-0.52351,-0.71459,-0.83255,-0.74579,-0.7554,-0.79565,-1.3531,-1.4435,-1.0769,-1.5031,-1.3171,-0.43597,-0.23295,-0.74591,-0.071687,0.10785,-0.066701,-0.12465,-0.13869,-0.58554,-0.42935,0.35038,-0.3143,-0.79073,-0.96657,-1.4697,-0.60504,-0.21867,-0.24928,-0.37359,-0.29763,-0.5076,-0.50702,-0.28301,-0.84982,-0.59579,-0.28243,-0.73236,-0.71486,-0.78487,-0.80008,-0.56927,-0.85691,-0.6809,-0.96836,-0.59543,-0.75136,-0.56162,-0.51112,-0.51455,-0.63159,-0.52089,-0.6176,-0.51068,-0.35533,-0.71684,-0.62813,-0.41552,-0.53046,-0.59855,-0.60441,-0.5111,-0.51707,-0.61882,-0.45128,-0.35931,-0.5725,-0.36076,-0.55313,-0.47371
-0.40612,-0.78156,-0.1608,-0.05625,-0.20285,-0.17364,-0.322,0.50049,0.58436,0.68335,0.87822,0.98367,0.92181,0.89773,1.0496,0.7059,0.32378,0.0076015,0.054775,-0.09945,-0.27591,-0.25302,-0.20787,-0.023437,-0.005587,-0.034158,0.13428,0.15308,0.22434,0.18523,0.54247,0.49099,0.68753,0.688,0.38665,0.22004,0.7257,0.77579,0.55438,0.40028,-0.13655,-0.5255,-0.51885,-0.55166,-0.64713,-0.64052,-0.54519,-0.7926,-0.62443,-0.59294,-0.55377,0.089208,0.10786,0.71191,0.93851,0.60364,-0.15035,-0.59026,-0.73771,-0.88901,-0.65998,-0.65298,-0.59321,-0.2387,-0.45988,-0.53904,-0.28913,-0.70277,-0.58472,-0.64098,-0.7756,-0.81727,-0.61486,-0.6967,-0.5791,-0.63498,-0.8076,-0.73935,-0.62652,-0.53222,-0.59751,-0.77838,-0.71544,-0.88493,-0.70956,-0.58905,-0.57853,-0.66896,-0.58131,-0.48762,-0.72391,-0.61024,-0.71402,-0.50065,-0.55015,-0.42911,-0.51404,-0.46685,-0.63236,-0.54439
-0.34237,-0.54558,-0.32711,1.4741,1.1164,0.97979,1.021,-0.7499,-0.54196,-0.48163,-0.40607,-0.34559,-0.2063,-0.044724,0.027056,0.013777,0.14092,-0.11373,-0.2513,-0.23813,-0.29941,-0.41708,-0.46431,-0.29473,-0.19615,-0.1007,-0.24683,-0.031137,0.071725,-0.096931,-0.16391,0.031042,-0.25809,0.25328,-0.043764,0.029272,-0.033159,0.21207,0.35987,-0.15029,-0.066285,0.22245,-0.51842,-0.44378,0.17816,0.10709,0.11425,-0.058188,-0.17723,-0.0015014,0.19541,-0.42135,-0.41732,-0.15412,-0.063177,0.39504,0.17033,-0.15238,0.2326,-0.25347,0.24512,0.16299,0.54402,0.43246,0.65485,0.40878,0.40402,0.93532,0.69047,0.47617,0.99139,0.62243,0.69975,0.97295,0.85539,0.67315,0.75543,0.71595,0.72526,0.62235,0.50735,0.76982,0.65401,0.81753,0.52363,0.37035,0.25153,0.49975,0.44243,0.33533,0.28189,0.22861,0.39916,0.17822,0.38451,0.40855,0.063322,0.21489,0.41704,0.18619
-0.24225,-0.2268,-0.253,0.24878,0.29906,-0.19353,-0.11538,-0.87433,-0.89211,-1.0141,-0.8663,-0.8734,-0.90629,-0.62385,-0.40861,-0.057947,0.43957,0.96219,1.1459,1.1124,1.0451,1.1414,1.1245,1.0506,1.1566,1.0043,1.0074,1.1094,0.966,0.85057,0.82346,0.90581,0.65314,0.5809,0.47455,0.22533,-0.033388,-0.11432,-0.94118,-0.40708,-0.30348,-0.8476,-0.74328,-0.77727,-0.93596,-0.65118,-0.53854,-0.25707,-0.55447,-0.39183,-0.66549,1.1133,1.0344,0.54879,0.20855,-0.53184,-0.57435,-0.63558,-0.9162,-0.65424,-0.59953,-0.474,-0.47022,-0.58056,-0.37552,-0.52073,-0.15112,-0.25032,-0.42602,-0.10629,-0.025933,-0.019714,0.051591,0.058394,-0.026124,0.24864,0.11101,-0.051289,0.018643,-0.037311,0.04712,0.096478,-0.077458,-0.12656,-0.032673,-0.087458,0.02629,-0.22746,-0.17631,-0.0090352,-0.10708,-0.19342,-0.22028,-0.065735,-0.2103,-0.067038,-0.1331,-0.08563,-0.16739,-0.30073
-0.085992,-0.36247,-0.28433,-0.049356,0.06506,0.6616,0.77533,-0.83849,-0.94205,-0.82774,-0.70111,-0.48275,-0.28388,-0.11471,0.21679,0.4758,0.94305,0.88699,0.85426,0.81106,0.45445,0.67482,0.8,0.68327,0.65178,1.0732,0.76047,0.89922,0.79556,0.80619,1.0039,0.58067,0.72488,0.78373,1.259,1.1018,0.79371,0.45544,-0.14835,-0.46845,-1.1475,-0.86792,-1.2528,-0.6841,-0.76093,-0.73497,-1.1107,-0.70489,-0.57609,-0.74899,-0.61089,0.46018,0.64643,0.75303,0.96429,0.2068,-0.40095,-0.9246,-0.84057,-0.70006,-0.47036,-0.7931,-0.62168,-0.58815,-0.67665,-0.5605,-0.44927,-0.49577,-0.072804,-0.14718,-0.28781,-0.13587,0.027055,-0.23754,-0.061374,-0.12784,0.05849,0.020796,0.007367,0.068488,0.038597,-0.023115,0.053595,-0.046083,-0.018083,0.064318,-0.0063604,-0.048411,0.086962,-0.12022,-0.39154,-0.23542,-0.16713,-0.094815,-0.24932,-0.22589,-0.24408,-0.11656,-0.16834,-0.053998
0.033883,0.0036389,0.47371,-1.1161,-1.1219,-1.0742,-1.0619,0.96938,0.92409,0.95862,1.0704,1.0758,0.96266,0.93114,0.89971,0.62536,0.32504,-0.027033,-0.10635,-0.19473,-0.30519,-0.38459,-0.36023,-0.2626,-0.22307,-0.054067,0.099256,0.24852,0.51842,0.65591,0.68942,0.79923,0.95854,0.81693,0.79317,0.85555,0.66452,0.42781,0.47826,0.18778,-0.052562,-0.42023,-0.63723,-0.95937,-0.95186,-0.97859,-1.0412,-0.94653,-1.0281,-0.9339,-0.85911,0.21675,0.51674,0.81297,0.93371,0.40476,-0.17407,-0.70084,-0.83598,-0.85861,-0.67445,-0.69281,-0.67751,-0.62721,-0.69642,-0.76644,-0.74864,-0.77117,-0.88024,-0.8753,-0.82527,-0.85408,-0.94375,-0.94134,-0.91351,-0.87663,-0.90151,-0.84547,-0.79856,-0.79671,-0.82685,-0.86717,-0.78377,-0.8112,-0.79515,-0.74966,-0.73992,-0.72571,-0.68401,-0.68458,-0.63072,-0.623,-0.58785,-0.5871,-0.58002,-0.53915,-0.5617,-0.55339,-0.48463,-0.59833
0.14856,0.068025,0.13326,-0.81624,-0.84041,-1.0004,-0.88323,0.15811,0.2229,0.39503,0.57796,0.5496,0.64691,0.65169,0.40671,0.27168,0.037776,-0.17239,-0.36537,-0.43415,-0.43575,-0.5368,-0.5371,-0.42518,-0.39978,-0.33839,-0.23422,-0.042948,0.023232,0.11259,0.19681,0.2825,0.5222,0.55957,0.82023,0.8934,1.0437,0.97321,0.9971,0.87173,0.68162,0.44186,0.31309,0.060268,0.051929,0.044963,-0.040347,-0.09955,-0.067909,0.0035324,-0.0067485,-0.10162,0.067321,0.4455,0.7453,0.85034,0.67122,0.35168,0.30005,0.020099,0.15088,0.19408,0.23433,0.12678,0.1155,0.070596,0.0037527,-0.19654,-0.15854,-0.25581,-0.26543,-0.32471,-0.52705,-0.43264,-0.42696,-0.46353,-0.46036,-0.49228,-0.46922,-0.45787,-0.52978,-0.51186,-0.4542,-0.49645,-0.44928,-0.45753,-0.42963,-0.38694,-0.42926,-0.38431,-0.40956,-0.31817,-0.3613,-0.34851,-0.32644,-0.34714,-0.26166,-0.24698,-0.2799,-0.30697
0.22236,0.11605,-0.23612,0.82092,0.80266,1.9315,1.613,-0.017371,0.049279,0.13685,0.189,0.22516,0.18339,0.19701,0.21393,0.065094,-0.21589,-0.37915,-0.53309,-0.59582,-0.64288,-0.54043,-0.56661,-0.56912,-0.40282,-0.36046,-0.55913,-0.4876,-0.15003,-0.22883,-0.27578,-0.12676,0.35771,0.27296,0.18799,0.58824,0.97579,1.4036,1.3963,1.66,1.5453,1.0669,0.65903,0.54663,0.20831,0.36462,0.54344,0.47872,0.64087,0.12168,0.31506,-0.32665,-0.26793,0.059427,0.73215,1.0708,1.4204,0.59578,0.88665,0.59296,0.84659,0.29644,0.65084,0.76461,0.79224,0.59996,0.35003,0.12372,0.18259,-0.050639,0.017907,-0.11602,-0.14548,-0.13125,-0.21205,-0.18346,-0.36833,-0.3727,-0.14308,-0.3625,-0.2145,-0.15329,-0.49535,-0.20331,-0.2115,-0.21709,-0.105,-0.19882,-0.042194,-0.10007,-0.040013,-0.15555,-0.16767,0.1125,-0.21938,-0.1511,-0.038966,-0.10126,0.055277,0.1083
0.24003,0.17505,1.4077,-0.84036,-1.2592,-1.2504,-1.2769,0.61413,0.78242,0.90992,1.0458,1.1075,1.0527,1.0443,1.0229,0.73897,0.44295,0.21662,-0.076618,-0.36046,-0.36062,-0.37998,-0.36766,-0.38841,-0.35747,-0.30959,-0.22951,-0.18965,-0.10234,0.017704,0.032424,0.09324,0.30373,0.42418,0.40151,0.45,0.48417,0.59811,0.51062,0.61599,0.26912,0.12684,0.0095957,-0.10124,-0.32136,-0.32205,-0.31103,-0.37057,-0.40224,-0.26462,-0.19971,-0.089731,-0.048672,0.13491,0.35693,0.56081,0.17705,-0.09413,-0.21901,-0.36277,-0.39515,-0.27559,-0.27281,-0.31166,-0.32132,-0.42856,-0.44926,-0.53515,-0.60075,-0.65303,-0.72129,-0.71574,-0.75292,-0.78776,-0.80664,-0.84635,-0.80998,-0.80812,-0.78899,-0.74645,-0.76879,-0.75647,-0.75492,-0.72866,-0.7321,-0.71439,-0.67618,-0.64423,-0.64134,-0.58832,-0.58728,-0.58047,-0.5573,-0.54164,-0.52156,-0.53844,-0.51542,-0.49605,-0.52156,-0.56136
0.28472,0.44975,0.10795,-0.96616,-0.98454,-0.95206,-0.88602,0.16387,0.22876,0.40652,0.45623,0.62828,0.64246,0.66499,0.61833,0.44916,0.2347,0.033334,-0.13168,-0.28857,-0.29281,-0.28159,-0.2748,-0.32286,-0.24819,-0.1647,-0.14755,-0.11792,-0.077899,0.017483,0.043235,0.072776,0.19978,0.38694,0.38898,0.45138,0.73195,0.68691,0.6225,0.078913,-0.024958,0.27784,0.23987,0.25381,0.050411,0.066524,-0.073666,0.06415,0.058264,0.026859,0.016797,-0.012033,-0.041146,0.089243,0.47964,0.63279,0.42128,0.239,0.068767,-0.037725,-0.028224,0.024036,0.13589,0.14737,0.10491,0.061582,-0.041592,-0.054874,-0.20737,-0.19377,-0.33701,-0.34708,-0.4542,-0.43679,-0.42852,-0.50877,-0.51199,-0.51167,-0.48982,-0.53499,-0.45396,-0.47975,-0.49505,-0.51125,-0.45838,-0.48804,-0.39707,-0.42512,-0.40081,-0.43912,-0.38244,-0.3824,-0.36222,-0.35625,-0.40637,-0.39365,-0.34254,-0.34115,-0.32597,-0.35425
0.28541,0.36791,-0.36025,2.5201,2.7391,1.9997,1.6074,-0.68351,-0.85989,-0.91777,-0.72632,-0.61489,-0.4788,-0.21475,-0.0020149,0.1349,0.40931,0.28512,0.43834,0.038516,0.081523,-0.076998,-0.017438,0.27843,0.41922,0.45156,0.44728,0.20929,0.21077,0.5001,0.62989,0.5066,-0.027782,0.29863,0.46681,0.51104,1.1646,1.0652,-0.040708,-0.70799,-1.5289,-0.056472,-0.62869,-0.26643,-0.07707,-0.2972,-0.26041,-0.80911,-0.7272,-0.64449,-0.47532,0.38905,0.28271,0.28452,0.49978,0.14055,0.53755,-0.33194,-0.1215,0.05875,-0.21282,-0.4325,-0.008931,0.67776,-0.18646,0.16651,0.52107,0.58941,0.091296,0.25725,0.77619,0.10016,0.49603,0.47214,0.70525,0.81422,0.081364,0.32834,0.87664,0.28242,0.32285,0.9334,0.21677,0.31792,0.48972,0.12198,-0.26635,0.19919,0.46265,0.27051,0.078197,0.13537,0.23683,0.029845,-0.10228,0.25479,0.22437,-0.29062,0.1807,0.3982
0.31625,0.42283,-0.35784,1.9204,1.6267,1.852,1.7749,-0.80196,-0.86616,-0.67034,-0.65508,-0.59238,-0.58325,-0.29413,0.029559,0.017034,0.27552,0.24766,-0.026805,-0.18317,-0.34951,-0.41627,-0.38912,-0.14489,-0.11917,0.084678,0.15689,-0.17828,0.213,0.15198,0.46853,0.41279,0.31239,0.57408,0.73255,0.91605,0.68663,1.6765,-0.25414,1.4415,0.63079,-0.077966,0.2078,0.18882,0.19471,-0.25158,-0.29624,-0.29031,0.014855,-0.0060112,-0.43776,0.44457,0.15611,0.4365,0.65281,1.1827,0.11919,-0.0001424,0.30524,0.7163,0.25508,0.18558,0.48952,0.43013,0.53625,0.024624,0.17087,0.71474,0.80693,0.079887,0.47984,0.61014,0.263,0.36189,0.5073,0.61882,0.74049,0.33989,0.30992,0.49087,0.20239,0.28083,0.53328,0.2657,0.44143,0.37795,0.1333,0.19685,-0.0032131,0.27656,0.23994,0.084557,0.12051,0.29806,0.35453,0.025167,0.087699,0.26667,0.30144,0.069835
0.37584,-0.84385,-0.1614,-0.44917,-0.51824,-0.17932,-0.34713,-1.3387,-1.4419,-1.4878,-1.6926,-1.7757,-1.7412,-1.7041,-1.5906,-1.0255,-0.32624,0.30694,1.0413,1.5396,1.8682,2.1079,2.3901,2.3249,2.3484,2.3683,2.1382,2.0853,1.8073,1.8059,1.5596,1.4398,1.4355,1.2206,1.48,0.84072,0.80537,0.1458,-0.52603,-0.72443,-0.86443,-0.79642,-0.82252,-1.1152,-0.98759,-1.1385,-1.1002,-0.77264,-0.95745,-1.199,-0.98694,1.8643,1.9179,1.7233,0.70213,-0.055693,-0.97617,-1.4013,-1.391,-1.1821,-1.0478,-1.08,-0.95458,-0.94083,-0.78842,-0.67059,-0.72355,-0.32835,-0.29104,-0.16273,0.11489,0.098676,-0.040563,0.092573,0.15073,0.045122,0.14874,0.12981,0.1837,0.18804,0.064539,0.14228,-0.0027914,-0.096134,-0.043037,-0.087911,-0.051317,-0.078715,-0.14488,-0.10564,-0.10965,-0.12002,-0.17038,-0.16434,-0.025409,-0.15422,-0.13677,-0.16029,-0.18277,-0.03329
0.38207,0.46656,-0.32651,0.88813,0.71619,0.56501,0.44864,-0.8217,-0.73165,-0.74168,-0.69373,-0.48638,-0.40964,-0.20592,0.019622,0.26535,-0.065416,-0.20049,0.0060842,-0.0553,-0.0571,-0.089613,-0.16199,-0.046469,0.006692,-0.076051,0.010449,0.1016,-0.069355,0.2396,0.19108,0.42684,0.21672,-0.13127,0.35099,0.52243,0.48797,0.96018,0.56875,0.009988,0.37378,0.53842,-0.30558,-0.069386,0.28025,-0.045129,-0.13049,-1.0077,-0.59167,-0.64922,-0.52952,0.13579,0.10738,0.21437,0.96608,0.8383,0.18962,-0.07416,-0.38706,-0.053305,0.27922,0.098395,-0.13244,0.027961,0.082457,0.22454,0.19598,0.36786,0.54789,0.48084,0.52466,0.96842,0.67045,0.39377,0.56536,0.74989,0.5348,0.81727,0.5104,0.37663,0.51216,0.64825,0.40861,0.44642,0.521,0.59606,0.21277,0.49544,0.20142,0.3319,0.41617,0.50373,0.47539,0.28777,0.053909,0.271,0.43315,0.31432,0.19719,0.41017
0.40044,0.44796,-0.2078,-0.26994,-0.22489,-0.35546,-0.28849,-0.77566,-0.7224,-0.6226,-0.60954,-0.47086,-0.49463,-0.51962,-0.60033,-0.80476,-1.0111,-1.147,-1.0534,-1.1238,-1.1582,-1.0438,-1.0851,-1.069,-0.93866,-1.0023,-0.94347,-0.87199,-0.86584,-0.69435,-0.72544,-0.731,-0.48336,-0.084562,0.25812,0.38362,0.8932,1.1235,1.5015,1.9765,1.7197,2.2479,2.0404,1.7532,1.754,1.73,1.6402,1.3903,1.5894,1.6482,1.7725,-0.9641,-0.69505,-0.53778,0.19659,1.5614,1.9239,2.1622,1.9404,1.8295,1.872,1.8336,1.9906,2.0637,2.0644,1.907,1.8791,1.7586,1.4764,1.1824,1.0717,1.0232,0.90565,0.82697,0.76943,0.64496,0.52563,0.61531,0.61981,0.54076,0.50776,0.48743,0.45375,0.41438,0.49222,0.53051,0.43037,0.54385,0.42133,0.47791,0.48375,0.54047,0.58365,0.43149,0.41598,0.45318,0.43602,0.42448,0.38119,0.47739
0.66756,0.74751,-0.2066,-0.48363,-0.5352,-0.20489,-0.25219,0.91278,0.83243,0.94248,1.1023,1.1666,1.2989,1.0774,0.75243,0.80663,0.19091,0.16052,0.099605,-0.26772,-0.15727,-0.45113,-0.41669,-0.14466,-0.12394,-0.0038646,0.40598,0.50334,0.6971,0.86705,1.1227,0.95311,0.82834,1.3438,1.1041,1.0345,1.2229,0.50533,0.36982,0.17259,0.015476,-0.29855,-0.75885,-0.72212,-0.73212,-1.078,-1.1501,-0.83957,-1.0553,-0.81175,-0.61917,0.067139,0.52489,0.90939,1.5263,1.2042,-0.11539,-0.77233,-0.91023,-1.17,-0.98417,-0.99651,-0.8317,-0.94953,-0.95086,-1.0584,-0.9198,-1.0482,-1.0508,-1.0471,-1.0665,-1.064,-1.3305,-1.2214,-1.0384,-1.1363,-1.2612,-0.84038,-0.97035,-1.0891,-0.99344,-0.90251,-0.76826,-1.1365,-0.80713,-0.72297,-0.94589,-0.79548,-0.68542,-0.83419,-0.88261,-0.63672,-0.68795,-0.65379,-0.66635,-0.64862,-0.75118,-0.62121,-0.60217,-0.7837
0.68904,-1.1578,0.59423,-1.1954,-1.2016,-1.0515,-1.1513,2.4181,2.124,1.9289,1.8588,1.8995,1.8825,1.8073,1.7379,1.437,1.0695,0.82095,0.48455,0.31028,0.12576,0.026825,-0.029852,-0.080939,-0.11547,-0.1641,-0.36879,-0.52846,-0.58138,-0.67372,-0.7065,-0.9259,-1.0607,-1.1383,-1.3693,-1.5497,-1.447,-1.5503,-1.4622,-1.5593,-1.1735,-1.108,-0.96436,-1.0092,-0.95632,-0.74123,-0.77315,-0.73447,-0.54719,-0.67593,-0.71197,-0.46026,-0.6291,-0.94174,-1.2801,-1.5533,-1.4974,-1.1805,-0.93034,-0.98771,-0.93124,-0.98317,-0.96029,-0.94611,-1.0323,-1.0196,-1.0459,-1.1946,-1.2059,-1.2398,-1.3439,-1.3399,-1.305,-1.2783,-1.3413,-1.2783,-1.2979,-1.2375,-1.1799,-1.1694,-1.1686,-1.0936,-1.1269,-1.0535,-1.0154,-0.94994,-1.0109,-0.97407,-0.97146,-0.91913,-0.86249,-0.88791,-0.88249,-0.84965,-0.87062,-0.77868,-0.78557,-0.84498,-0.78114,-0.77809
0.71225,0.9365,-0.054748,-0.68699,-0.66915,-0.63956,-0.68498,-1.3654,-1.439,-1.5184,-1.6031,-1.6841,-1.779,-1.8642,-1.6892,-1.3231,-0.68667,-0.118,0.27989,0.61477,0.79774,0.98328,1.0077,1.072,1.0995,1.2138,1.1001,1.1211,1.1435,1.0984,1.1616,1.317,1.3531,1.2443,1.1725,1.5704,1.6189,1.349,1.1292,0.8039,0.9894,0.878,0.53164,0.14562,0.38019,0.3045,0.17703,0.20739,0.14894,0.10426,-0.015808,1.1353,1.2721,1.263,1.474,1.2146,0.69983,0.4117,0.25478,0.3379,0.17079,0.072259,0.030606,0.13652,0.0012889,0.14294,0.22096,0.2409,0.33562,0.40489,0.52101,0.54456,0.51371,0.47778,0.52143,0.47312,0.34368,0.42577,0.36242,0.36484,0.1647,0.26232,0.22282,0.17056,0.17181,0.10553,0.066404,0.0015552,0.14302,0.036188,-0.060443,0.019852,-0.038315,-0.031984,-0.0014362,-0.076848,-0.15495,-0.052819,-0.045838,-0.095873
0.79644,-0.14369,-0.33073,1.4362,1.6776,0.88603,0.9261,-0.51083,-0.60414,-0.80867,-0.64158,-0.80452,-0.84921,-0.68744,-0.84319,-0.22029,0.16886,0.61668,1.2795,0.91007,1.5223,1.2709,1.2253,1.2212,1.2212,1.291,1.0453,1.224,1.152,1.1223,1.1266,0.80444,0.87079,0.82948,0.33883,-0.64313,-0.19921,-1.0557,-1.7252,-1.9505,-0.82532,-0.98262,-1.7976,-0.79683,-0.98154,-0.22664,-0.64215,-0.5815,0.097643,-1.081,-0.77473,1.1581,1.5169,1.0164,-0.46802,-1.9988,-1.205,-0.94281,-0.96205,-0.93458,-0.44707,-0.70562,-0.85366,-0.62318,-0.85146,-0.41854,-0.32477,-0.14854,-0.26702,-0.65882,-0.42414,-0.082184,-0.028306,-0.16335,-0.13754,-0.099202,-0.36939,-0.32737,0.28801,-0.18732,0.035069,-0.043744,-0.16538,0.034297,0.096243,-0.11706,-0.16052,-0.041091,-0.18547,-0.17094,0.13386,-0.012218,-0.28255,-0.37408,-0.26847,-0.17683,0.090396,-0.054168,-0.0012205,0.0022264
0.84668,-0.43308,1.3113,-1.3177,-1.2982,-1.2646,-1.2406,1.0775,0.94084,0.90118,0.87105,0.83886,0.78598,0.74493,0.66477,0.51614,0.23767,0.11407,0.01541,-0.082603,-0.18412,-0.17841,-0.23261,-0.22502,-0.31253,-0.41213,-0.36827,-0.44439,-0.3842,-0.36984,-0.5078,-0.58816,-0.57922,-0.59704,-0.51376,-0.7102,-0.52323,-0.50274,-0.39596,-0.39415,-0.55529,-0.047409,0.1533,0.2969,0.3129,0.45227,0.50083,0.51669,0.47863,0.4848,0.43806,-0.28012,-0.4967,-0.68097,-0.75595,-0.42158,0.083859,0.31999,0.36841,0.27861,0.27141,0.20031,-0.02214,-0.019936,-0.12507,-0.16832,-0.23647,-0.38049,-0.49592,-0.52835,-0.56829,-0.57233,-0.60774,-0.62175,-0.58263,-0.58163,-0.61437,-0.56854,-0.59656,-0.58505,-0.51807,-0.52354,-0.50726,-0.48779,-0.4871,-0.49318,-0.49289,-0.50465,-0.52078,-0.50824,-0.54822,-0.52942,-0.5188,-0.53768,-0.53535,-0.55743,-0.53644,-0.57345,-0.53131,-0.52502
0.98006,0.3673,-0.3482,1.4586,1.776,1.2184,0.92331,0.15056,-0.086024,-0.26395,-0.47672,-0.65791,-0.51437,-0.7905,-0.81235,-0.49552,-0.73879,-0.39547,-0.2089,0.17379,0.34162,0.23994,0.12395,0.37259,0.66445,-0.052133,-0.0053756,0.46611,0.35539,0.028516,0.37525,0.066034,0.022226,-0.00046424,0.15965,0.7604,0.57828,0.39706,0.30651,-0.28827,1.3948,1.1339,0.57127,0.83412,0.61399,1.6855,0.65275,0.64405,1.1645,0.49981,-0.53766,0.23141,0.087539,0.013526,0.007659,2.3508,1.1905,0.4094,0.82205,0.20747,0.048828,0.12537,-0.16307,0.16545,-0.068178,-0.23947,-0.20876,0.14831,0.024173,0.061783,-0.037736,0.030965,0.30637,-0.34782,0.063871,0.12791,0.043524,-0.064172,0.31207,0.093242,0.015187,0.055499,-0.046522,-0.12718,0.1627,0.10378,0.18282,-0.50464,0.078666,0.10807,-0.3411,-0.53969,-0.43144,-0.45598,-0.096063,-0.11066,-0.14668,-0.43345,-0.35767,-0.39042
1.0157,-1.3049,-0.020401,-0.83864,-0.67593,-0.62251,-0.48674,-0.91646,-0.89661,-0.88646,-0.92578,-0.93595,-0.77092,-0.54606,-0.23988,0.20235,0.82957,1.2705,1.3103,1.3963,1.4176,1.453,1.3886,1.401,1.3283,1.369,1.3492,1.2455,1.2307,1.1167,1.08,0.85901,0.84316,0.65399,0.52201,0.18348,0.11096,-0.17461,-0.50712,-0.67147,-0.60307,-0.84336,-0.85133,-0.8675,-0.97447,-0.78769,-0.73734,-0.6701,-0.87795,-0.67699,-0.55478,0.8978,0.95041,0.82403,0.38993,-0.28541,-0.6703,-0.96075,-0.78677,-0.76567,-0.83327,-0.68754,-0.74589,-0.77429,-0.70298,-0.7045,-0.71552,-0.64013,-0.56786,-0.45236,-0.46606,-0.41682,-0.34437,-0.26138,-0.24737,-0.25021,-0.18279,-0.090017,-0.22313,-0.23629,-0.2809,-0.20113,-0.1293,-0.32298,-0.31919,-0.21527,-0.20526,-0.32593,-0.29549,-0.27474,-0.24538,-0.25306,-0.34288,-0.33237,-0.26981,-0.37427,-0.39649,-0.36588,-0.30686,-0.34881
1.0996,1.4569,-0.28493,0.3022,0.37367,0.29796,0.30903,0.34273,0.25234,0.28624,0.14536,0.048841,0.020623,-0.073917,-0.12341,-0.16778,-0.40581,-0.29605,-0.46469,-0.46137,-0.4343,-0.38943,-0.35823,-0.41626,-0.31584,-0.34002,-0.18776,-0.16934,-0.22951,-0.19148,-0.16486,-0.090032,-0.21246,0.33455,0.39675,0.33878,0.25321,0.75149,1.3549,1.4676,1.3448,1.2371,1.2938,1.2966,1.2327,1.0451,1.1359,0.89037,1.3897,1.7352,1.3211,-0.36057,-0.28186,0.12075,0.45312,1.68,1.0878,1.1573,1.096,1.0196,0.60974,0.53144,0.48253,0.20172,0.36917,0.12357,-0.20596,0.10795,0.062105,-0.50347,-0.34492,-0.56687,-0.32986,-0.46929,-0.31666,-0.45195,-0.48716,-0.40183,-0.36419,-0.47767,-0.42275,-0.26567,-0.40768,-0.34336,-0.35395,-0.43297,-0.29162,-0.36419,-0.3276,-0.31199,-0.32248,-0.31299,-0.507,-0.40993,-0.28972,-0.21494,-0.35766,-0.29775,-0.24184,-0.50272
1.2337,1.5472,0.02178,-0.91102,-0.83702,-0.8157,-0.7157,-0.87892,-0.84395,-0.75467,-0.67643,-0.61407,-0.61529,-0.60884,-0.71967,-0.77522,-0.87293,-0.89464,-0.87159,-0.89296,-0.86613,-0.82103,-0.76674,-0.7568,-0.75599,-0.70422,-0.75264,-0.79436,-0.72627,-0.6896,-0.57902,-0.57156,-0.55047,-0.39799,-0.11492,0.17726,0.47122,0.98904,1.1608,1.6408,1.5577,1.7394,1.5326,1.7085,1.4809,1.4204,1.4974,1.5395,1.6494,1.6306,1.743,-0.80823,-0.69004,-0.48212,0.060493,1.0993,1.5821,1.7309,1.7036,1.6992,1.574,1.5263,1.7203,1.7993,1.8522,1.7271,1.5977,1.5727,1.4451,1.3267,1.1717,1.0896,0.90162,0.89038,0.81295,0.74906,0.71012,0.62921,0.60607,0.60641,0.57937,0.56994,0.5435,0.53746,0.5881,0.52042,0.5361,0.50342,0.54287,0.5278,0.52732,0.46068,0.43887,0.47326,0.46729,0.48137,0.48506,0.47967,0.48401,0.56816
1.2801,1.0521,-0.15658,-0.61116,-0.5742,-0.47762,-0.51466,1.5056,1.3815,1.5152,1.7287,1.8088,1.8544,1.9032,1.7049,1.6763,1.2601,0.5627,0.35122,0.21689,0.047463,-0.1154,-0.20721,-0.14461,-0.28316,-0.20432,-0.31497,-0.31018,-0.242,-0.1181,-0.2576,-0.31686,-0.21114,-0.4192,-0.47139,-0.68975,-0.69491,-0.52846,-0.61958,-0.87657,-1.5182,-1.1964,-1.2425,-0.88665,-0.72208,-0.98553,-1.1513,-1.0246,-1.2419,-0.45345,-0.96127,-0.17533,-0.26208,-0.3181,-0.29625,-0.95895,-1.0397,-0.85836,-1.2116,-1.3641,-1.3525,-1.1274,-1.2702,-0.76735,-0.88889,-1.0281,-0.93678,-1.0951,-0.88049,-0.99265,-1.1954,-1.1368,-1.4262,-1.151,-1.1248,-0.89886,-1.0902,-1.0503,-0.97575,-0.99492,-1.1986,-1.0147,-0.86983,-1.0076,-0.96339,-0.85499,-1.0048,-0.791,-0.90896,-0.75306,-0.90715,-0.66062,-0.73824,-0.73713,-0.80115,-0.70637,-0.64226,-0.75569,-0.60091,-0.77442
1.3113,-0.86942,-0.35905,1.3259,1.1452,1.1389,1.1495,0.64508,0.73328,0.74044,0.69908,0.48164,0.57991,0.67637,0.78233,0.029844,0.46598,-0.44349,0.0048754,0.037551,-0.099581,-0.41366,-0.063085,-0.28289,-0.39908,-0.39341,-0.0639,-0.26652,-0.46896,-0.11652,0.03569,-0.5274,-0.6984,-0.13103,0.22173,0.49009,-1.7486,2.2428,4.1454,-1.5995,-0.39925,-0.50432,-0.31901,0.5609,0.1314,0.1667,0.52742,0.51658,-0.035189,-0.099708,-0.12456,-0.12442,-0.30266,-0.57475,-0.16655,0.4304,0.41108,0.20728,0.86852,0.017034,-0.11886,0.035189,0.17551,-0.42804,-0.10566,-0.78461,-0.55312,-0.69124,-0.11464,-0.69018,-0.31755,-0.4365,-0.47657,-0.68841,-0.49242,-0.66511,-0.36717,-0.78714,-0.96216,-0.63182,-0.19389,-0.40447,-0.49547,-0.64017,-0.62845,-0.30935,-0.37707,-0.34578,-0.076513,-0.57483,-0.37744,-0.10281,-0.35344,-0.19835,-0.42456,-0.25907,-0.10239,-0.27406,-0.47023,-0.59205
1.4062,0.88479,0.27486,-0.99546,-0.93537,-1.0089,-1.0089,-0.26258,-0.43741,-0.52909,-0.58162,-0.62023,-0.73372,-0.78375,-0.68417,-0.45614,-0.12969,0.18881,0.5817,0.84691,1.0549,1.2219,1.2429,1.169,1.1639,1.135,1.0752,0.94237,0.88712,0.86815,0.72978,0.56495,0.58536,0.37379,0.27471,0.20997,-0.083622,-0.16199,-0.41062,-0.592,-0.60986,-0.76095,-0.74684,-0.72464,-0.54487,-0.45266,-0.41668,-0.48588,-0.43711,-0.56676,-0.67277,0.91371,0.88155,0.57119,0.14228,-0.45308,-0.70425,-0.79384,-0.56492,-0.66193,-0.68889,-0.64675,-0.69673,-0.60795,-0.60303,-0.58844,-0.45065,-0.35745,-0.18069,-0.15946,-0.12827,-0.098307,-0.09573,-0.053134,0.0048194,0.0010317,-0.10023,0.047313,0.029214,0.020911,-0.0033525,-0.047763,-0.001254,-0.028317,-0.068466,-0.15043,-0.17568,-0.15353,-0.20873,-0.20986,-0.20279,-0.19642,-0.22563,-0.26951,-0.26796,-0.23483,-0.27969,-0.22575,-0.28569,-0.31982
1.4488,1.5806,-0.21865,-0.32164,-0.32494,0.022385,-0.020444,2.4698,2.3653,2.2872,2.3137,2.2663,2.387,2.1663,1.9942,1.7599,1.3751,0.87922,0.44703,0.21648,0.15856,-0.092943,-0.084192,-0.27078,-0.32583,-0.40966,-0.45437,-0.50361,-0.71158,-0.7139,-0.95685,-1.2052,-1.1568,-1.4344,-1.565,-1.7447,-2.2696,-1.8389,-1.951,-1.4916,-1.4347,-1.5092,-1.4134,-0.78496,-1.0091,-0.91493,-1.038,-0.5829,-0.68733,-0.8613,-1.1721,-0.48758,-0.94825,-1.0811,-1.7483,-1.8871,-1.6563,-1.2174,-1.0451,-1.2038,-1.218,-1.1823,-1.1559,-1.0028,-1.0549,-1.1704,-1.1502,-1.4785,-1.3057,-1.3328,-1.327,-1.3713,-1.5543,-1.4771,-1.2746,-1.2619,-1.4176,-1.3613,-1.2346,-1.291,-1.253,-1.2017,-1.2818,-1.1044,-1.1119,-1.0105,-1.1034,-1.1068,-1.0162,-0.94588,-0.90848,-0.95499,-1.053,-0.84832,-0.79192,-0.64863,-0.67112,-0.87258,-0.79533,-0.78974
1.7083,-1.1147,-0.10536,-0.88861,-0.86076,-0.42364,-0.54537,0.51576,0.60553,0.59502,0.44003,0.35604,0.38254,0.26807,0.2659,0.16083,-0.034882,0.013315,0.16618,0.35658,0.41179,0.30654,0.37253,0.26362,0.29302,0.21037,0.0088299,0.18449,0.14691,0.079366,-0.12092,0.032362,-0.19192,0.042765,-0.41508,-0.65228,-0.59057,-0.16294,-0.36348,-0.49518,-0.62411,-0.34826,-0.28133,-0.2443,-0.27781,-0.058682,0.036991,-0.17981,-0.064026,-0.04583,-0.10328,0.33178,0.20911,-0.053028,-0.3294,-0.77452,-0.60029,-0.44112,-0.085517,-0.099529,-0.21532,-0.42467,-0.42615,-0.44606,-0.49287,-0.36847,-0.42771,-0.32857,-0.57282,-0.65591,-0.55307,-0.48285,-0.50423,-0.49698,-0.5957,-0.48608,-0.39409,-0.40242,-0.41631,-0.43264,-0.28069,-0.37342,-0.37062,-0.22431,-0.31706,-0.35129,-0.33581,-0.2858,-0.33734,-0.43572,-0.47774,-0.41376,-0.40493,-0.47162,-0.4092,-0.40992,-0.45653,-0.34311,-0.35908,-0.51004
1.8389,0.62398,0.85936,-1.2005,-1.2168,-1.0316,-0.98654,-0.90134,-0.88995,-0.80299,-0.76541,-0.74075,-0.71584,-0.68752,-0.73294,-0.77679,-0.76088,-0.73967,-0.72996,-0.62251,-0.61139,-0.5603,-0.54957,-0.58709,-0.59936,-0.60507,-0.69482,-0.72656,-0.73848,-0.79439,-0.80872,-0.75105,-0.69287,-0.62175,-0.50446,-0.24976,-0.012765,0.33614,0.5112,0.9674,1.2478,1.365,1.4339,1.5294,1.5513,1.5739,1.5746,1.7105,1.6433,1.6386,1.7666,-0.5051,-0.54773,-0.61337,-0.36766,0.38642,1.0723,1.3097,1.5069,1.7304,1.6213,1.5445,1.6271,1.902,1.9028,1.8808,1.7543,1.6704,1.6388,1.4611,1.307,1.2317,1.1113,1.042,1.0051,0.86028,0.83234,0.72743,0.63473,0.58019,0.61291,0.59126,0.52321,0.53164,0.5486,0.45352,0.49591,0.53732,0.5201,0.50361,0.45526,0.45223,0.47356,0.41066,0.44373,0.45784,0.43962,0.44411,0.44767,0.52076
2.0478,1.357,-0.1144,-0.48363,-0.54028,-0.20205,-0.25219,0.51505,0.45806,0.41095,0.39774,0.32843,0.3283,0.21437,0.30668,0.15791,0.044943,0.24776,0.29746,0.32827,0.4406,0.35641,0.40183,0.30948,0.28839,0.3364,0.25279,0.094988,0.19809,0.041375,-0.00099409,-0.03853,-0.19537,-0.43669,-0.42327,-0.27358,-0.22492,-0.73777,-1.0461,-0.61853,-0.21951,-0.41941,-0.16518,-0.039052,-0.054545,0.14034,0.27179,0.36186,0.16681,0.065344,0.13211,0.28998,0.18143,-0.11752,-0.53846,-0.59438,-0.29547,-0.28431,-0.26843,-0.19059,-0.39653,-0.43823,-0.45466,-0.51423,-0.3971,-0.48006,-0.64649,-0.57919,-0.63203,-0.55049,-0.58612,-0.48414,-0.4995,-0.50497,-0.54106,-0.48782,-0.4472,-0.35383,-0.30757,-0.37701,-0.44133,-0.29634,-0.27992,-0.26588,-0.40659,-0.37579,-0.31619,-0.3888,-0.43889,-0.39445,-0.34247,-0.37664,-0.51104,-0.49823,-0.46458,-0.40701,-0.54489,-0.36619,-0.43724,-0.43807
2.0551,1.8737,-0.21202,0.23672,0.49236,-0.068525,-0.34434,-0.13206,0.13105,0.23302,0.45254,0.43252,0.2428,0.18906,0.059125,-0.29011,-0.60818,-0.83357,-1.0883,-1.1305,-1.2895,-1.1701,-1.1676,-1.2244,-1.2273,-1.2982,-1.1765,-1.2409,-1.1949,-1.1386,-1.1025,-1.0362,-1.0165,-1.0744,-0.748,-0.40376,0.062844,0.21899,0.378,0.73469,1.3154,1.5745,1.0733,1.7812,1.8791,0.89122,1.2849,1.6582,1.4,1.5753,1.4683,-1.1782,-1.1883,-0.78593,-0.39853,0.28632,1.1081,1.4995,1.7267,1.5448,1.4792,1.3898,1.3569,1.3067,1.3946,1.3489,1.0751,1.03,0.92351,0.70255,0.60722,0.65497,0.58307,0.58611,0.44354,0.36446,0.44707,0.38867,0.33367,0.37381,0.32562,0.3779,0.4159,0.32861,0.35193,0.4085,0.34171,0.25849,0.41587,0.47554,0.41333,0.42409,0.33166,0.3671,0.31617,0.33846,0.23653,0.36296,0.36221,0.40965
-1.6232,-1.0309,-0.34639,0.91053,1.0044,1.1218,1.0322,0.028315,-0.12582,-0.01731,-0.060402,-0.1314,-0.12027,-0.42144,-0.61027,-0.48699,-0.22397,0.15754,-0.12594,0.19102,0.15206,0.43515,0.25841,0.40841,0.76332,0.52941,0.24344,0.50059,0.20844,0.088855,0.5236,0.6902,-0.24812,0.2721,-0.15612,-0.045127,-0.14829,-0.32504,-0.61272,-1.274,-1.0812,0.60835,-0.039484,-0.086839,-0.37805,-0.042823,1.2014,0.50949,-0.18712,0.43265,0.20917,0.17354,0.24144,0.21069,0.17456,-0.28386,-0.76535,-0.11595,0.36551,0.056108,0.17009,-0.23826,-0.33873,-0.38972,-0.10638,-0.075495,-0.33504,-0.0014023,0.072995,-0.44478,-0.4899,-0.24767,-0.21742,-0.20267,0.070169,-0.029346,0.33238,0.23414,-0.1464,-0.22163,0.12616,0.4264,-0.1608,-0.12838,-0.18998,0.092049,0.00082962,-0.40005,-0.046113,-0.30786,-0.28975,-0.061754,-0.057179,-0.21653,-0.10283,0.040195,-0.16395,-0.14805,-0.2445,0.007711
0.52793,1.2443,-0.21624,-0.11829,-0.060417,-0.025911,-0.13772,-0.68631,-0.73768,-0.75116,-0.84929,-0.86147,-0.92199,-0.99806,-0.96694,-0.75458,-0.64917,-0.25775,0.16177,0.44416,0.69048,0.71454,0.83469,0.8711,0.89185,0.82499,0.82865,1.0345,1.0134,0.92483,0.9724,0.87514,0.925,0.81323,0.96741,1.0057,1.0754,1.0933,0.60756,0.31067,0.59238,0.47621,0.39095,0.42139,0.70579,0.80537,1.0294,1.0782,0.54942,0.65914,0.59307,0.3986,0.8319,1.2185,1.1519,0.98488,0.59171,0.37248,0.4522,0.32383,0.27456,0.066044,-0.064735,-0.095492,-0.12145,-0.25009,-0.24571,-0.2579,-0.30304,-0.34144,-0.43259,-0.32923,-0.24485,-0.4062,-0.29141,-0.21317,-0.22197,-0.2799,-0.33167,-0.25519,-0.094103,-0.088943,-0.13752,-0.064297,-0.16425,-0.30293,-0.23802,-0.27051,-0.20616,-0.19664,-0.35071,-0.40443,-0.35265,-0.23101,-0.30837,-0.346,-0.21751,-0.32797,-0.43472,-0.44206
